[suite 15:29:58] suite 20261007-152958_baseline variant=baseline steps: ncu ncu_deep summarize
name, driver_version, power.limit [W], clocks.max.sm [MHz], clocks.max.memory [MHz]
Tesla T4, 580.82.07, 70.00 W, 1590 MHz, 5001 MHz
[suite 15:29:58] START ncu: env NCU_SET=basic LAUNCHES=800 bash profiling/ncu/profile_ncu.sh decode img_small --variant baseline
==PROF== Connected to process 51159 (/usr/bin/python3.13)
==PROF== Profiling "unrolled_elementwise_kernel" - 0 (1/800): 0%....50%....100% - 9 passes
==PROF== Profiling "elementwise_kernel" - 1 (2/800): 0%....50%....100% - 9 passes
==PROF== Profiling "CatArrayBatchedCopy_vectorized" - 2 (3/800): 0%....50%....100% - 9 passes
==PROF== Profiling "vectorized_elementwise_kernel" - 3 (4/800): 0%....50%....100% - 9 passes
==PROF== Profiling "vectorized_elementwise_kernel" - 4 (5/800): 0%....50%....100% - 9 passes
==PROF== Profiling "vectorized_elementwise_kernel" - 5 (6/800): 0%....50%....100% - 9 passes
==PROF== Profiling "vectorized_elementwise_kernel" - 6 (7/800): 0%....50%....100% - 9 passes
==PROF== Profiling "vectorized_elementwise_kernel" - 7 (8/800): 0%....50%....100% - 9 passes
==PROF== Profiling "vectorized_elementwise_kernel" - 8 (9/800): 0%....50%....100% - 9 passes
==PROF== Profiling "unrolled_elementwise_kernel" - 9 (10/800): 0%....50%....100% - 9 passes
==PROF== Profiling "vectorized_elementwise_kernel" - 10 (11/800): 0%....50%....100% - 9 passes
==PROF== Profiling "reduce_kernel" - 11 (12/800): 0%....50%....100% - 9 passes
==PROF== Profiling "vectorized_elementwise_kernel" - 12 (13/800): 0%....50%....100% - 9 passes
==PROF== Profiling "vectorized_elementwise_kernel" - 13 (14/800): 0%....50%....100% - 9 passes
==PROF== Profiling "elementwise_kernel" - 14 (15/800): 0%....50%....100% - 9 passes
==PROF== Profiling "vectorized_elementwise_kernel" - 15 (16/800): 0%....50%....100% - 9 passes
==PROF== Profiling "vectorized_elementwise_kernel" - 16 (17/800): 0%....50%....100% - 9 passes
==PROF== Profiling "kernel" - 17 (18/800): 0%....50%....100% - 9 passes
==PROF== Profiling "vectorized_elementwise_kernel" - 18 (19/800): 0%....50%....100% - 9 passes
==PROF== Profiling "CatArrayBatchedCopy_alignedK_..." - 19 (20/800): 0%....50%....100% - 9 passes
==PROF== Profiling "elementwise_kernel" - 20 (21/800): 0%....50%....100% - 9 passes
==PROF== Profiling "conv2d_grouped_direct_kernel" - 21 (22/800): 0%....50%....100% - 9 passes
==PROF== Profiling "elementwise_kernel" - 22 (23/800): 0%....50%....100% - 9 passes
==PROF== Profiling "kernel" - 23 (24/800): 0%....50%....100% - 9 passes
==PROF== Profiling "vectorized_elementwise_kernel" - 24 (25/800): 0%....50%....100% - 9 passes
==PROF== Profiling "unrolled_elementwise_kernel" - 25 (26/800): 0%....50%....100% - 9 passes
==PROF== Profiling "vectorized_elementwise_kernel" - 26 (27/800): 0%....50%....100% - 9 passes
==PROF== Profiling "reduce_kernel" - 27 (28/800): 0%....50%....100% - 9 passes
==PROF== Profiling "vectorized_elementwise_kernel" - 28 (29/800): 0%....50%....100% - 9 passes
==PROF== Profiling "vectorized_elementwise_kernel" - 29 (30/800): 0%....50%....100% - 9 passes
==PROF== Profiling "elementwise_kernel" - 30 (31/800): 0%....50%....100% - 9 passes
==PROF== Profiling "vectorized_elementwise_kernel" - 31 (32/800): 0%....50%....100% - 9 passes
==PROF== Profiling "vectorized_elementwise_kernel" - 32 (33/800): 0%....50%....100% - 9 passes
==PROF== Profiling "kernel" - 33 (34/800): 0%....50%....100% - 9 passes
==PROF== Profiling "vectorized_elementwise_kernel" - 34 (35/800): 0%....50%....100% - 9 passes
==PROF== Profiling "kernel" - 35 (36/800): 0%....50%....100% - 9 passes
==PROF== Profiling "vectorized_elementwise_kernel" - 36 (37/800): 0%....50%....100% - 9 passes
==PROF== Profiling "kernel" - 37 (38/800): 0%....50%....100% - 9 passes
==PROF== Profiling "vectorized_elementwise_kernel" - 38 (39/800): 0%....50%....100% - 9 passes
==PROF== Profiling "unrolled_elementwise_kernel" - 39 (40/800): 0%....50%....100% - 9 passes
==PROF== Profiling "vectorized_elementwise_kernel" - 40 (41/800): 0%....50%....100% - 9 passes
==PROF== Profiling "reduce_kernel" - 41 (42/800): 0%....50%....100% - 9 passes
==PROF== Profiling "vectorized_elementwise_kernel" - 42 (43/800): 0%....50%....100% - 9 passes
==PROF== Profiling "vectorized_elementwise_kernel" - 43 (44/800): 0%....50%....100% - 9 passes
==PROF== Profiling "elementwise_kernel" - 44 (45/800): 0%....50%....100% - 9 passes
==PROF== Profiling "vectorized_elementwise_kernel" - 45 (46/800): 0%....50%....100% - 9 passes
==PROF== Profiling "vectorized_elementwise_kernel" - 46 (47/800): 0%....50%....100% - 9 passes
==PROF== Profiling "kernel" - 47 (48/800): 0%....50%....100% - 9 passes
==PROF== Profiling "vectorized_elementwise_kernel" - 48 (49/800): 0%....50%....100% - 9 passes
==PROF== Profiling "CatArrayBatchedCopy_alignedK_..." - 49 (50/800): 0%....50%....100% - 9 passes
==PROF== Profiling "elementwise_kernel" - 50 (51/800): 0%....50%....100% - 9 passes
==PROF== Profiling "conv2d_grouped_direct_kernel" - 51 (52/800): 0%....50%....100% - 9 passes
==PROF== Profiling "elementwise_kernel" - 52 (53/800): 0%....50%....100% - 9 passes
==PROF== Profiling "kernel" - 53 (54/800): 0%....50%....100% - 9 passes
==PROF== Profiling "vectorized_elementwise_kernel" - 54 (55/800): 0%....50%....100% - 9 passes
==PROF== Profiling "unrolled_elementwise_kernel" - 55 (56/800): 0%....50%....100% - 9 passes
==PROF== Profiling "vectorized_elementwise_kernel" - 56 (57/800): 0%....50%....100% - 9 passes
==PROF== Profiling "reduce_kernel" - 57 (58/800): 0%....50%....100% - 9 passes
==PROF== Profiling "vectorized_elementwise_kernel" - 58 (59/800): 0%....50%....100% - 9 passes
==PROF== Profiling "vectorized_elementwise_kernel" - 59 (60/800): 0%....50%....100% - 9 passes
==PROF== Profiling "elementwise_kernel" - 60 (61/800): 0%....50%....100% - 9 passes
==PROF== Profiling "vectorized_elementwise_kernel" - 61 (62/800): 0%....50%....100% - 9 passes
==PROF== Profiling "vectorized_elementwise_kernel" - 62 (63/800): 0%....50%....100% - 9 passes
==PROF== Profiling "kernel" - 63 (64/800): 0%....50%....100% - 9 passes
==PROF== Profiling "vectorized_elementwise_kernel" - 64 (65/800): 0%....50%....100% - 9 passes
==PROF== Profiling "kernel" - 65 (66/800): 0%....50%....100% - 9 passes
==PROF== Profiling "vectorized_elementwise_kernel" - 66 (67/800): 0%....50%....100% - 9 passes
==PROF== Profiling "kernel" - 67 (68/800): 0%....50%....100% - 9 passes
==PROF== Profiling "vectorized_elementwise_kernel" - 68 (69/800): 0%....50%....100% - 9 passes
==PROF== Profiling "unrolled_elementwise_kernel" - 69 (70/800): 0%....50%....100% - 9 passes
==PROF== Profiling "vectorized_elementwise_kernel" - 70 (71/800): 0%....50%....100% - 9 passes
==PROF== Profiling "reduce_kernel" - 71 (72/800): 0%....50%....100% - 9 passes
==PROF== Profiling "vectorized_elementwise_kernel" - 72 (73/800): 0%....50%....100% - 9 passes
==PROF== Profiling "vectorized_elementwise_kernel" - 73 (74/800): 0%....50%....100% - 9 passes
==PROF== Profiling "elementwise_kernel" - 74 (75/800): 0%....50%....100% - 9 passes
==PROF== Profiling "vectorized_elementwise_kernel" - 75 (76/800): 0%....50%....100% - 9 passes
==PROF== Profiling "vectorized_elementwise_kernel" - 76 (77/800): 0%....50%....100% - 9 passes
==PROF== Profiling "kernel" - 77 (78/800): 0%....50%....100% - 9 passes
==PROF== Profiling "unrolled_elementwise_kernel" - 78 (79/800): 0%....50%....100% - 9 passes
==PROF== Profiling "vectorized_elementwise_kernel" - 79 (80/800): 0%....50%....100% - 9 passes
==PROF== Profiling "reduce_kernel" - 80 (81/800): 0%....50%....100% - 9 passes
==PROF== Profiling "vectorized_elementwise_kernel" - 81 (82/800): 0%....50%....100% - 9 passes
==PROF== Profiling "vectorized_elementwise_kernel" - 82 (83/800): 0%....50%....100% - 9 passes
==PROF== Profiling "elementwise_kernel" - 83 (84/800): 0%....50%....100% - 9 passes
==PROF== Profiling "vectorized_elementwise_kernel" - 84 (85/800): 0%....50%....100% - 9 passes
==PROF== Profiling "elementwise_kernel" - 85 (86/800): 0%....50%....100% - 9 passes
==PROF== Profiling "kernel" - 86 (87/800): 0%....50%....100% - 9 passes
==PROF== Profiling "unrolled_elementwise_kernel" - 87 (88/800): 0%....50%....100% - 9 passes
==PROF== Profiling "vectorized_elementwise_kernel" - 88 (89/800): 0%....50%....100% - 9 passes
==PROF== Profiling "reduce_kernel" - 89 (90/800): 0%....50%....100% - 9 passes
==PROF== Profiling "vectorized_elementwise_kernel" - 90 (91/800): 0%....50%....100% - 9 passes
==PROF== Profiling "vectorized_elementwise_kernel" - 91 (92/800): 0%....50%....100% - 9 passes
==PROF== Profiling "elementwise_kernel" - 92 (93/800): 0%....50%....100% - 9 passes
==PROF== Profiling "vectorized_elementwise_kernel" - 93 (94/800): 0%....50%....100% - 9 passes
==PROF== Profiling "elementwise_kernel" - 94 (95/800): 0%....50%....100% - 9 passes
==PROF== Profiling "kernel" - 95 (96/800): 0%....50%....100% - 9 passes
==PROF== Profiling "elementwise_kernel" - 96 (97/800): 0%....50%....100% - 9 passes
==PROF== Profiling "elementwise_kernel" - 97 (98/800): 0%....50%....100% - 9 passes
==PROF== Profiling "CatArrayBatchedCopy" - 98 (99/800): 0%....50%....100% - 9 passes
==PROF== Profiling "elementwise_kernel" - 99 (100/800): 0%....50%....100% - 9 passes
==PROF== Profiling "vectorized_elementwise_kernel" - 100 (101/800): 0%....50%....100% - 9 passes
==PROF== Profiling "elementwise_kernel" - 101 (102/800): 0%....50%....100% - 9 passes
==PROF== Profiling "elementwise_kernel" - 102 (103/800): 0%....50%....100% - 9 passes
==PROF== Profiling "CatArrayBatchedCopy" - 103 (104/800): 0%....50%....100% - 9 passes
==PROF== Profiling "elementwise_kernel" - 104 (105/800): 0%....50%....100% - 9 passes
==PROF== Profiling "vectorized_elementwise_kernel" - 105 (106/800): 0%....50%....100% - 9 passes
==PROF== Profiling "CatArrayBatchedCopy_vectorized" - 106 (107/800): 0%....50%....100% - 9 passes
==PROF== Profiling "CatArrayBatchedCopy_vectorized" - 107 (108/800): 0%....50%....100% - 9 passes
==PROF== Profiling "unrolled_elementwise_kernel" - 108 (109/800): 0%....50%....100% - 9 passes
==PROF== Profiling "unrolled_elementwise_kernel" - 109 (110/800): 0%....50%....100% - 9 passes
==PROF== Profiling "unrolled_elementwise_kernel" - 110 (111/800): 0%....50%....100% - 9 passes
==PROF== Profiling "vectorized_elementwise_kernel" - 111 (112/800): 0%....50%....100% - 9 passes
==PROF== Profiling "elementwise_kernel" - 112 (113/800): 0%....50%....100% - 9 passes
==PROF== Profiling "elementwise_kernel" - 113 (114/800): 0%....50%....100% - 9 passes
==PROF== Profiling "vectorized_elementwise_kernel" - 114 (115/800): 0%....50%....100% - 9 passes
==PROF== Profiling "gemv2T_kernel_val" - 115 (116/800): 0%....50%....100% - 9 passes
==PROF== Profiling "softmax_warp_forward" - 116 (117/800): 0%....50%....100% - 9 passes
==PROF== Profiling "vectorized_elementwise_kernel" - 117 (118/800): 0%....50%....100% - 9 passes
==PROF== Profiling "reduce_kernel" - 118 (119/800): 0%....50%....100% - 9 passes
==PROF== Profiling "vectorized_elementwise_kernel" - 119 (120/800): 0%....50%....100% - 9 passes
==PROF== Profiling "elementwise_kernel" - 120 (121/800): 0%....50%....100% - 9 passes
==PROF== Profiling "vectorized_elementwise_kernel" - 121 (122/800): 0%....50%....100% - 9 passes
==PROF== Profiling "kernel" - 122 (123/800): 0%....50%....100% - 9 passes
==PROF== Profiling "vectorized_elementwise_kernel" - 123 (124/800): 0%....50%....100% - 9 passes
==PROF== Profiling "kernel" - 124 (125/800): 0%....50%....100% - 9 passes
==PROF== Profiling "vectorized_elementwise_kernel" - 125 (126/800): 0%....50%....100% - 9 passes
==PROF== Profiling "unrolled_elementwise_kernel" - 126 (127/800): 0%....50%....100% - 9 passes
==PROF== Profiling "vectorized_elementwise_kernel" - 127 (128/800): 0%....50%....100% - 9 passes
==PROF== Profiling "reduce_kernel" - 128 (129/800): 0%....50%....100% - 9 passes
==PROF== Profiling "vectorized_elementwise_kernel" - 129 (130/800): 0%....50%....100% - 9 passes
==PROF== Profiling "vectorized_elementwise_kernel" - 130 (131/800): 0%....50%....100% - 9 passes
==PROF== Profiling "elementwise_kernel" - 131 (132/800): 0%....50%....100% - 9 passes
==PROF== Profiling "vectorized_elementwise_kernel" - 132 (133/800): 0%....50%....100% - 9 passes
==PROF== Profiling "vectorized_elementwise_kernel" - 133 (134/800): 0%....50%....100% - 9 passes
==PROF== Profiling "kernel" - 134 (135/800): 0%....50%....100% - 9 passes
==PROF== Profiling "vectorized_elementwise_kernel" - 135 (136/800): 0%....50%....100% - 9 passes
==PROF== Profiling "kernel" - 136 (137/800): 0%....50%....100% - 9 passes
==PROF== Profiling "vectorized_elementwise_kernel" - 137 (138/800): 0%....50%....100% - 9 passes
==PROF== Profiling "kernel" - 138 (139/800): 0%....50%....100% - 9 passes
==PROF== Profiling "vectorized_elementwise_kernel" - 139 (140/800): 0%....50%....100% - 9 passes
==PROF== Profiling "unrolled_elementwise_kernel" - 140 (141/800): 0%....50%....100% - 9 passes
==PROF== Profiling "vectorized_elementwise_kernel" - 141 (142/800): 0%....50%....100% - 9 passes
==PROF== Profiling "reduce_kernel" - 142 (143/800): 0%....50%....100% - 9 passes
==PROF== Profiling "vectorized_elementwise_kernel" - 143 (144/800): 0%....50%....100% - 9 passes
==PROF== Profiling "vectorized_elementwise_kernel" - 144 (145/800): 0%....50%....100% - 9 passes
==PROF== Profiling "elementwise_kernel" - 145 (146/800): 0%....50%....100% - 9 passes
==PROF== Profiling "vectorized_elementwise_kernel" - 146 (147/800): 0%....50%....100% - 9 passes
==PROF== Profiling "vectorized_elementwise_kernel" - 147 (148/800): 0%....50%....100% - 9 passes
==PROF== Profiling "kernel" - 148 (149/800): 0%....50%....100% - 9 passes
==PROF== Profiling "vectorized_elementwise_kernel" - 149 (150/800): 0%....50%....100% - 9 passes
==PROF== Profiling "CatArrayBatchedCopy_alignedK_..." - 150 (151/800): 0%....50%....100% - 9 passes
==PROF== Profiling "elementwise_kernel" - 151 (152/800): 0%....50%....100% - 9 passes
==PROF== Profiling "conv2d_grouped_direct_kernel" - 152 (153/800): 0%....50%....100% - 9 passes
==PROF== Profiling "elementwise_kernel" - 153 (154/800): 0%....50%....100% - 9 passes
==PROF== Profiling "kernel" - 154 (155/800): 0%....50%....100% - 9 passes
==PROF== Profiling "vectorized_elementwise_kernel" - 155 (156/800): 0%....50%....100% - 9 passes
==PROF== Profiling "unrolled_elementwise_kernel" - 156 (157/800): 0%....50%....100% - 9 passes
==PROF== Profiling "vectorized_elementwise_kernel" - 157 (158/800): 0%....50%....100% - 9 passes
==PROF== Profiling "reduce_kernel" - 158 (159/800): 0%....50%....100% - 9 passes
==PROF== Profiling "vectorized_elementwise_kernel" - 159 (160/800): 0%....50%....100% - 9 passes
==PROF== Profiling "vectorized_elementwise_kernel" - 160 (161/800): 0%....50%....100% - 9 passes
==PROF== Profiling "elementwise_kernel" - 161 (162/800): 0%....50%....100% - 9 passes
==PROF== Profiling "vectorized_elementwise_kernel" - 162 (163/800): 0%....50%....100% - 9 passes
==PROF== Profiling "vectorized_elementwise_kernel" - 163 (164/800): 0%....50%....100% - 9 passes
==PROF== Profiling "kernel" - 164 (165/800): 0%....50%....100% - 9 passes
==PROF== Profiling "vectorized_elementwise_kernel" - 165 (166/800): 0%....50%....100% - 9 passes
==PROF== Profiling "kernel" - 166 (167/800): 0%....50%....100% - 9 passes
==PROF== Profiling "vectorized_elementwise_kernel" - 167 (168/800): 0%....50%....100% - 9 passes
==PROF== Profiling "kernel" - 168 (169/800): 0%....50%....100% - 9 passes
==PROF== Profiling "vectorized_elementwise_kernel" - 169 (170/800): 0%....50%....100% - 9 passes
==PROF== Profiling "unrolled_elementwise_kernel" - 170 (171/800): 0%....50%....100% - 9 passes
==PROF== Profiling "vectorized_elementwise_kernel" - 171 (172/800): 0%....50%....100% - 9 passes
==PROF== Profiling "reduce_kernel" - 172 (173/800): 0%....50%....100% - 9 passes
==PROF== Profiling "vectorized_elementwise_kernel" - 173 (174/800): 0%....50%....100% - 9 passes
==PROF== Profiling "vectorized_elementwise_kernel" - 174 (175/800): 0%....50%....100% - 9 passes
==PROF== Profiling "elementwise_kernel" - 175 (176/800): 0%....50%....100% - 9 passes
==PROF== Profiling "vectorized_elementwise_kernel" - 176 (177/800): 0%....50%....100% - 9 passes
==PROF== Profiling "vectorized_elementwise_kernel" - 177 (178/800): 0%....50%....100% - 9 passes
==PROF== Profiling "kernel" - 178 (179/800): 0%....50%....100% - 9 passes
==PROF== Profiling "vectorized_elementwise_kernel" - 179 (180/800): 0%....50%....100% - 9 passes
==PROF== Profiling "CatArrayBatchedCopy_alignedK_..." - 180 (181/800): 0%....50%....100% - 9 passes
==PROF== Profiling "elementwise_kernel" - 181 (182/800): 0%....50%....100% - 9 passes
==PROF== Profiling "conv2d_grouped_direct_kernel" - 182 (183/800): 0%....50%....100% - 9 passes
==PROF== Profiling "elementwise_kernel" - 183 (184/800): 0%....50%....100% - 9 passes
==PROF== Profiling "kernel" - 184 (185/800): 0%....50%....100% - 9 passes
==PROF== Profiling "vectorized_elementwise_kernel" - 185 (186/800): 0%....50%....100% - 9 passes
==PROF== Profiling "unrolled_elementwise_kernel" - 186 (187/800): 0%....50%....100% - 9 passes
==PROF== Profiling "vectorized_elementwise_kernel" - 187 (188/800): 0%....50%....100% - 9 passes
==PROF== Profiling "reduce_kernel" - 188 (189/800): 0%....50%....100% - 9 passes
==PROF== Profiling "vectorized_elementwise_kernel" - 189 (190/800): 0%....50%....100% - 9 passes
==PROF== Profiling "vectorized_elementwise_kernel" - 190 (191/800): 0%....50%....100% - 9 passes
==PROF== Profiling "elementwise_kernel" - 191 (192/800): 0%....50%....100% - 9 passes
==PROF== Profiling "vectorized_elementwise_kernel" - 192 (193/800): 0%....50%....100% - 9 passes
==PROF== Profiling "vectorized_elementwise_kernel" - 193 (194/800): 0%....50%....100% - 9 passes
==PROF== Profiling "kernel" - 194 (195/800): 0%....50%....100% - 9 passes
==PROF== Profiling "vectorized_elementwise_kernel" - 195 (196/800): 0%....50%....100% - 9 passes
==PROF== Profiling "kernel" - 196 (197/800): 0%....50%....100% - 9 passes
==PROF== Profiling "vectorized_elementwise_kernel" - 197 (198/800): 0%....50%....100% - 9 passes
==PROF== Profiling "kernel" - 198 (199/800): 0%....50%....100% - 9 passes
==PROF== Profiling "vectorized_elementwise_kernel" - 199 (200/800): 0%....50%....100% - 9 passes
==PROF== Profiling "unrolled_elementwise_kernel" - 200 (201/800): 0%....50%....100% - 9 passes
==PROF== Profiling "vectorized_elementwise_kernel" - 201 (202/800): 0%....50%....100% - 9 passes
==PROF== Profiling "reduce_kernel" - 202 (203/800): 0%....50%....100% - 9 passes
==PROF== Profiling "vectorized_elementwise_kernel" - 203 (204/800): 0%....50%....100% - 9 passes
==PROF== Profiling "vectorized_elementwise_kernel" - 204 (205/800): 0%....50%....100% - 9 passes
==PROF== Profiling "elementwise_kernel" - 205 (206/800): 0%....50%....100% - 9 passes
==PROF== Profiling "vectorized_elementwise_kernel" - 206 (207/800): 0%....50%....100% - 9 passes
==PROF== Profiling "vectorized_elementwise_kernel" - 207 (208/800): 0%....50%....100% - 9 passes
==PROF== Profiling "kernel" - 208 (209/800): 0%....50%....100% - 9 passes
==PROF== Profiling "unrolled_elementwise_kernel" - 209 (210/800): 0%....50%....100% - 9 passes
==PROF== Profiling "vectorized_elementwise_kernel" - 210 (211/800): 0%....50%....100% - 9 passes
==PROF== Profiling "reduce_kernel" - 211 (212/800): 0%....50%....100% - 9 passes
==PROF== Profiling "vectorized_elementwise_kernel" - 212 (213/800): 0%....50%....100% - 9 passes
==PROF== Profiling "vectorized_elementwise_kernel" - 213 (214/800): 0%....50%....100% - 9 passes
==PROF== Profiling "elementwise_kernel" - 214 (215/800): 0%....50%....100% - 9 passes
==PROF== Profiling "vectorized_elementwise_kernel" - 215 (216/800): 0%....50%....100% - 9 passes
==PROF== Profiling "elementwise_kernel" - 216 (217/800): 0%....50%....100% - 9 passes
==PROF== Profiling "kernel" - 217 (218/800): 0%....50%....100% - 9 passes
==PROF== Profiling "unrolled_elementwise_kernel" - 218 (219/800): 0%....50%....100% - 9 passes
==PROF== Profiling "vectorized_elementwise_kernel" - 219 (220/800): 0%....50%....100% - 9 passes
==PROF== Profiling "reduce_kernel" - 220 (221/800): 0%....50%....100% - 9 passes
==PROF== Profiling "vectorized_elementwise_kernel" - 221 (222/800): 0%....50%....100% - 9 passes
==PROF== Profiling "vectorized_elementwise_kernel" - 222 (223/800): 0%....50%....100% - 9 passes
==PROF== Profiling "elementwise_kernel" - 223 (224/800): 0%....50%....100% - 9 passes
==PROF== Profiling "vectorized_elementwise_kernel" - 224 (225/800): 0%....50%....100% - 9 passes
==PROF== Profiling "elementwise_kernel" - 225 (226/800): 0%....50%....100% - 9 passes
==PROF== Profiling "kernel" - 226 (227/800): 0%....50%....100% - 9 passes
==PROF== Profiling "elementwise_kernel" - 227 (228/800): 0%....50%....100% - 9 passes
==PROF== Profiling "elementwise_kernel" - 228 (229/800): 0%....50%....100% - 9 passes
==PROF== Profiling "CatArrayBatchedCopy" - 229 (230/800): 0%....50%....100% - 9 passes
==PROF== Profiling "elementwise_kernel" - 230 (231/800): 0%....50%....100% - 9 passes
==PROF== Profiling "vectorized_elementwise_kernel" - 231 (232/800): 0%....50%....100% - 9 passes
==PROF== Profiling "elementwise_kernel" - 232 (233/800): 0%....50%....100% - 9 passes
==PROF== Profiling "elementwise_kernel" - 233 (234/800): 0%....50%....100% - 9 passes
==PROF== Profiling "CatArrayBatchedCopy" - 234 (235/800): 0%....50%....100% - 9 passes
==PROF== Profiling "elementwise_kernel" - 235 (236/800): 0%....50%....100% - 9 passes
==PROF== Profiling "vectorized_elementwise_kernel" - 236 (237/800): 0%....50%....100% - 9 passes
==PROF== Profiling "CatArrayBatchedCopy_vectorized" - 237 (238/800): 0%....50%....100% - 9 passes
==PROF== Profiling "CatArrayBatchedCopy_vectorized" - 238 (239/800): 0%....50%....100% - 9 passes
==PROF== Profiling "unrolled_elementwise_kernel" - 239 (240/800): 0%....50%....100% - 9 passes
==PROF== Profiling "unrolled_elementwise_kernel" - 240 (241/800): 0%....50%....100% - 9 passes
==PROF== Profiling "unrolled_elementwise_kernel" - 241 (242/800): 0%....50%....100% - 9 passes
==PROF== Profiling "vectorized_elementwise_kernel" - 242 (243/800): 0%....50%....100% - 9 passes
==PROF== Profiling "elementwise_kernel" - 243 (244/800): 0%....50%....100% - 9 passes
==PROF== Profiling "elementwise_kernel" - 244 (245/800): 0%....50%....100% - 9 passes
==PROF== Profiling "vectorized_elementwise_kernel" - 245 (246/800): 0%....50%....100% - 9 passes
==PROF== Profiling "gemv2T_kernel_val" - 246 (247/800): 0%....50%....100% - 9 passes
==PROF== Profiling "softmax_warp_forward" - 247 (248/800): 0%....50%....100% - 9 passes
==PROF== Profiling "vectorized_elementwise_kernel" - 248 (249/800): 0%....50%....100% - 9 passes
==PROF== Profiling "reduce_kernel" - 249 (250/800): 0%....50%....100% - 9 passes
==PROF== Profiling "vectorized_elementwise_kernel" - 250 (251/800): 0%....50%....100% - 9 passes
==PROF== Profiling "elementwise_kernel" - 251 (252/800): 0%....50%....100% - 9 passes
==PROF== Profiling "vectorized_elementwise_kernel" - 252 (253/800): 0%....50%....100% - 9 passes
==PROF== Profiling "kernel" - 253 (254/800): 0%....50%....100% - 9 passes
==PROF== Profiling "vectorized_elementwise_kernel" - 254 (255/800): 0%....50%....100% - 9 passes
==PROF== Profiling "kernel" - 255 (256/800): 0%....50%....100% - 9 passes
==PROF== Profiling "vectorized_elementwise_kernel" - 256 (257/800): 0%....50%....100% - 9 passes
==PROF== Profiling "unrolled_elementwise_kernel" - 257 (258/800): 0%....50%....100% - 9 passes
==PROF== Profiling "vectorized_elementwise_kernel" - 258 (259/800): 0%....50%....100% - 9 passes
==PROF== Profiling "reduce_kernel" - 259 (260/800): 0%....50%....100% - 9 passes
==PROF== Profiling "vectorized_elementwise_kernel" - 260 (261/800): 0%....50%....100% - 9 passes
==PROF== Profiling "vectorized_elementwise_kernel" - 261 (262/800): 0%....50%....100% - 9 passes
==PROF== Profiling "elementwise_kernel" - 262 (263/800): 0%....50%....100% - 9 passes
==PROF== Profiling "vectorized_elementwise_kernel" - 263 (264/800): 0%....50%....100% - 9 passes
==PROF== Profiling "vectorized_elementwise_kernel" - 264 (265/800): 0%....50%....100% - 9 passes
==PROF== Profiling "kernel" - 265 (266/800): 0%....50%....100% - 9 passes
==PROF== Profiling "vectorized_elementwise_kernel" - 266 (267/800): 0%....50%....100% - 9 passes
==PROF== Profiling "kernel" - 267 (268/800): 0%....50%....100% - 9 passes
==PROF== Profiling "vectorized_elementwise_kernel" - 268 (269/800): 0%....50%....100% - 9 passes
==PROF== Profiling "kernel" - 269 (270/800): 0%....50%....100% - 9 passes
==PROF== Profiling "vectorized_elementwise_kernel" - 270 (271/800): 0%....50%....100% - 9 passes
==PROF== Profiling "unrolled_elementwise_kernel" - 271 (272/800): 0%....50%....100% - 9 passes
==PROF== Profiling "vectorized_elementwise_kernel" - 272 (273/800): 0%....50%....100% - 9 passes
==PROF== Profiling "reduce_kernel" - 273 (274/800): 0%....50%....100% - 9 passes
==PROF== Profiling "vectorized_elementwise_kernel" - 274 (275/800): 0%....50%....100% - 9 passes
==PROF== Profiling "vectorized_elementwise_kernel" - 275 (276/800): 0%....50%....100% - 9 passes
==PROF== Profiling "elementwise_kernel" - 276 (277/800): 0%....50%....100% - 9 passes
==PROF== Profiling "vectorized_elementwise_kernel" - 277 (278/800): 0%....50%....100% - 9 passes
==PROF== Profiling "vectorized_elementwise_kernel" - 278 (279/800): 0%....50%....100% - 9 passes
==PROF== Profiling "kernel" - 279 (280/800): 0%....50%....100% - 9 passes
==PROF== Profiling "vectorized_elementwise_kernel" - 280 (281/800): 0%....50%....100% - 9 passes
==PROF== Profiling "CatArrayBatchedCopy_alignedK_..." - 281 (282/800): 0%....50%....100% - 9 passes
==PROF== Profiling "elementwise_kernel" - 282 (283/800): 0%....50%....100% - 9 passes
==PROF== Profiling "conv2d_grouped_direct_kernel" - 283 (284/800): 0%....50%....100% - 9 passes
==PROF== Profiling "elementwise_kernel" - 284 (285/800): 0%....50%....100% - 9 passes
==PROF== Profiling "kernel" - 285 (286/800): 0%....50%....100% - 9 passes
==PROF== Profiling "vectorized_elementwise_kernel" - 286 (287/800): 0%....50%....100% - 9 passes
==PROF== Profiling "unrolled_elementwise_kernel" - 287 (288/800): 0%....50%....100% - 9 passes
==PROF== Profiling "vectorized_elementwise_kernel" - 288 (289/800): 0%....50%....100% - 9 passes
==PROF== Profiling "reduce_kernel" - 289 (290/800): 0%....50%....100% - 9 passes
==PROF== Profiling "vectorized_elementwise_kernel" - 290 (291/800): 0%....50%....100% - 9 passes
==PROF== Profiling "vectorized_elementwise_kernel" - 291 (292/800): 0%....50%....100% - 9 passes
==PROF== Profiling "elementwise_kernel" - 292 (293/800): 0%....50%....100% - 9 passes
==PROF== Profiling "vectorized_elementwise_kernel" - 293 (294/800): 0%....50%....100% - 9 passes
==PROF== Profiling "vectorized_elementwise_kernel" - 294 (295/800): 0%....50%....100% - 9 passes
==PROF== Profiling "kernel" - 295 (296/800): 0%....50%....100% - 9 passes
==PROF== Profiling "vectorized_elementwise_kernel" - 296 (297/800): 0%....50%....100% - 9 passes
==PROF== Profiling "kernel" - 297 (298/800): 0%....50%....100% - 9 passes
==PROF== Profiling "vectorized_elementwise_kernel" - 298 (299/800): 0%....50%....100% - 9 passes
==PROF== Profiling "kernel" - 299 (300/800): 0%....50%....100% - 9 passes
==PROF== Profiling "vectorized_elementwise_kernel" - 300 (301/800): 0%....50%....100% - 9 passes
==PROF== Profiling "unrolled_elementwise_kernel" - 301 (302/800): 0%....50%....100% - 9 passes
==PROF== Profiling "vectorized_elementwise_kernel" - 302 (303/800): 0%....50%....100% - 9 passes
==PROF== Profiling "reduce_kernel" - 303 (304/800): 0%....50%....100% - 9 passes
==PROF== Profiling "vectorized_elementwise_kernel" - 304 (305/800): 0%....50%....100% - 9 passes
==PROF== Profiling "vectorized_elementwise_kernel" - 305 (306/800): 0%....50%....100% - 9 passes
==PROF== Profiling "elementwise_kernel" - 306 (307/800): 0%....50%....100% - 9 passes
==PROF== Profiling "vectorized_elementwise_kernel" - 307 (308/800): 0%....50%....100% - 9 passes
==PROF== Profiling "vectorized_elementwise_kernel" - 308 (309/800): 0%....50%....100% - 9 passes
==PROF== Profiling "kernel" - 309 (310/800): 0%....50%....100% - 9 passes
==PROF== Profiling "vectorized_elementwise_kernel" - 310 (311/800): 0%....50%....100% - 9 passes
==PROF== Profiling "CatArrayBatchedCopy_alignedK_..." - 311 (312/800): 0%....50%....100% - 9 passes
==PROF== Profiling "elementwise_kernel" - 312 (313/800): 0%....50%....100% - 9 passes
==PROF== Profiling "conv2d_grouped_direct_kernel" - 313 (314/800): 0%....50%....100% - 9 passes
==PROF== Profiling "elementwise_kernel" - 314 (315/800): 0%....50%....100% - 9 passes
==PROF== Profiling "kernel" - 315 (316/800): 0%....50%....100% - 9 passes
==PROF== Profiling "vectorized_elementwise_kernel" - 316 (317/800): 0%....50%....100% - 9 passes
==PROF== Profiling "unrolled_elementwise_kernel" - 317 (318/800): 0%....50%....100% - 9 passes
==PROF== Profiling "vectorized_elementwise_kernel" - 318 (319/800): 0%....50%....100% - 9 passes
==PROF== Profiling "reduce_kernel" - 319 (320/800): 0%....50%....100% - 9 passes
==PROF== Profiling "vectorized_elementwise_kernel" - 320 (321/800): 0%....50%....100% - 9 passes
==PROF== Profiling "vectorized_elementwise_kernel" - 321 (322/800): 0%....50%....100% - 9 passes
==PROF== Profiling "elementwise_kernel" - 322 (323/800): 0%....50%....100% - 9 passes
==PROF== Profiling "vectorized_elementwise_kernel" - 323 (324/800): 0%....50%....100% - 9 passes
==PROF== Profiling "vectorized_elementwise_kernel" - 324 (325/800): 0%....50%....100% - 9 passes
==PROF== Profiling "kernel" - 325 (326/800): 0%....50%....100% - 9 passes
==PROF== Profiling "vectorized_elementwise_kernel" - 326 (327/800): 0%....50%....100% - 9 passes
==PROF== Profiling "kernel" - 327 (328/800): 0%....50%....100% - 9 passes
==PROF== Profiling "vectorized_elementwise_kernel" - 328 (329/800): 0%....50%....100% - 9 passes
==PROF== Profiling "kernel" - 329 (330/800): 0%....50%....100% - 9 passes
==PROF== Profiling "vectorized_elementwise_kernel" - 330 (331/800): 0%....50%....100% - 9 passes
==PROF== Profiling "unrolled_elementwise_kernel" - 331 (332/800): 0%....50%....100% - 9 passes
==PROF== Profiling "vectorized_elementwise_kernel" - 332 (333/800): 0%....50%....100% - 9 passes
==PROF== Profiling "reduce_kernel" - 333 (334/800): 0%....50%....100% - 9 passes
==PROF== Profiling "vectorized_elementwise_kernel" - 334 (335/800): 0%....50%....100% - 9 passes
==PROF== Profiling "vectorized_elementwise_kernel" - 335 (336/800): 0%....50%....100% - 9 passes
==PROF== Profiling "elementwise_kernel" - 336 (337/800): 0%....50%....100% - 9 passes
==PROF== Profiling "vectorized_elementwise_kernel" - 337 (338/800): 0%....50%....100% - 9 passes
==PROF== Profiling "vectorized_elementwise_kernel" - 338 (339/800): 0%....50%....100% - 9 passes
==PROF== Profiling "kernel" - 339 (340/800): 0%....50%....100% - 9 passes
==PROF== Profiling "unrolled_elementwise_kernel" - 340 (341/800): 0%....50%....100% - 9 passes
==PROF== Profiling "vectorized_elementwise_kernel" - 341 (342/800): 0%....50%....100% - 9 passes
==PROF== Profiling "reduce_kernel" - 342 (343/800): 0%....50%....100% - 9 passes
==PROF== Profiling "vectorized_elementwise_kernel" - 343 (344/800): 0%....50%....100% - 9 passes
==PROF== Profiling "vectorized_elementwise_kernel" - 344 (345/800): 0%....50%....100% - 9 passes
==PROF== Profiling "elementwise_kernel" - 345 (346/800): 0%....50%....100% - 9 passes
==PROF== Profiling "vectorized_elementwise_kernel" - 346 (347/800): 0%....50%....100% - 9 passes
==PROF== Profiling "elementwise_kernel" - 347 (348/800): 0%....50%....100% - 9 passes
==PROF== Profiling "kernel" - 348 (349/800): 0%....50%....100% - 9 passes
==PROF== Profiling "unrolled_elementwise_kernel" - 349 (350/800): 0%....50%....100% - 9 passes
==PROF== Profiling "vectorized_elementwise_kernel" - 350 (351/800): 0%....50%....100% - 9 passes
==PROF== Profiling "reduce_kernel" - 351 (352/800): 0%....50%....100% - 9 passes
==PROF== Profiling "vectorized_elementwise_kernel" - 352 (353/800): 0%....50%....100% - 9 passes
==PROF== Profiling "vectorized_elementwise_kernel" - 353 (354/800): 0%....50%....100% - 9 passes
==PROF== Profiling "elementwise_kernel" - 354 (355/800): 0%....50%....100% - 9 passes
==PROF== Profiling "vectorized_elementwise_kernel" - 355 (356/800): 0%....50%....100% - 9 passes
==PROF== Profiling "elementwise_kernel" - 356 (357/800): 0%....50%....100% - 9 passes
==PROF== Profiling "kernel" - 357 (358/800): 0%....50%....100% - 9 passes
==PROF== Profiling "elementwise_kernel" - 358 (359/800): 0%....50%....100% - 9 passes
==PROF== Profiling "elementwise_kernel" - 359 (360/800): 0%....50%....100% - 9 passes
==PROF== Profiling "CatArrayBatchedCopy" - 360 (361/800): 0%....50%....100% - 9 passes
==PROF== Profiling "elementwise_kernel" - 361 (362/800): 0%....50%....100% - 9 passes
==PROF== Profiling "vectorized_elementwise_kernel" - 362 (363/800): 0%....50%....100% - 9 passes
==PROF== Profiling "elementwise_kernel" - 363 (364/800): 0%....50%....100% - 9 passes
==PROF== Profiling "elementwise_kernel" - 364 (365/800): 0%....50%....100% - 9 passes
==PROF== Profiling "CatArrayBatchedCopy" - 365 (366/800): 0%....50%....100% - 9 passes
==PROF== Profiling "elementwise_kernel" - 366 (367/800): 0%....50%....100% - 9 passes
==PROF== Profiling "vectorized_elementwise_kernel" - 367 (368/800): 0%....50%....100% - 9 passes
==PROF== Profiling "CatArrayBatchedCopy_vectorized" - 368 (369/800): 0%....50%....100% - 9 passes
==PROF== Profiling "CatArrayBatchedCopy_vectorized" - 369 (370/800): 0%....50%....100% - 9 passes
==PROF== Profiling "unrolled_elementwise_kernel" - 370 (371/800): 0%....50%....100% - 9 passes
==PROF== Profiling "unrolled_elementwise_kernel" - 371 (372/800): 0%....50%....100% - 9 passes
==PROF== Profiling "unrolled_elementwise_kernel" - 372 (373/800): 0%....50%....100% - 9 passes
==PROF== Profiling "vectorized_elementwise_kernel" - 373 (374/800): 0%....50%....100% - 9 passes
==PROF== Profiling "elementwise_kernel" - 374 (375/800): 0%....50%....100% - 9 passes
==PROF== Profiling "elementwise_kernel" - 375 (376/800): 0%....50%....100% - 9 passes
==PROF== Profiling "vectorized_elementwise_kernel" - 376 (377/800): 0%....50%....100% - 9 passes
==PROF== Profiling "gemv2T_kernel_val" - 377 (378/800): 0%....50%....100% - 9 passes
==PROF== Profiling "softmax_warp_forward" - 378 (379/800): 0%....50%....100% - 9 passes
==PROF== Profiling "vectorized_elementwise_kernel" - 379 (380/800): 0%....50%....100% - 9 passes
==PROF== Profiling "reduce_kernel" - 380 (381/800): 0%....50%....100% - 9 passes
==PROF== Profiling "vectorized_elementwise_kernel" - 381 (382/800): 0%....50%....100% - 9 passes
==PROF== Profiling "elementwise_kernel" - 382 (383/800): 0%....50%....100% - 9 passes
==PROF== Profiling "vectorized_elementwise_kernel" - 383 (384/800): 0%....50%....100% - 9 passes
==PROF== Profiling "kernel" - 384 (385/800): 0%....50%....100% - 9 passes
==PROF== Profiling "vectorized_elementwise_kernel" - 385 (386/800): 0%....50%....100% - 9 passes
==PROF== Profiling "kernel" - 386 (387/800): 0%....50%....100% - 9 passes
==PROF== Profiling "vectorized_elementwise_kernel" - 387 (388/800): 0%....50%....100% - 9 passes
==PROF== Profiling "unrolled_elementwise_kernel" - 388 (389/800): 0%....50%....100% - 9 passes
==PROF== Profiling "vectorized_elementwise_kernel" - 389 (390/800): 0%....50%....100% - 9 passes
==PROF== Profiling "reduce_kernel" - 390 (391/800): 0%....50%....100% - 9 passes
==PROF== Profiling "vectorized_elementwise_kernel" - 391 (392/800): 0%....50%....100% - 9 passes
==PROF== Profiling "vectorized_elementwise_kernel" - 392 (393/800): 0%....50%....100% - 9 passes
==PROF== Profiling "elementwise_kernel" - 393 (394/800): 0%....50%....100% - 9 passes
==PROF== Profiling "vectorized_elementwise_kernel" - 394 (395/800): 0%....50%....100% - 9 passes
==PROF== Profiling "vectorized_elementwise_kernel" - 395 (396/800): 0%....50%....100% - 9 passes
==PROF== Profiling "kernel" - 396 (397/800): 0%....50%....100% - 9 passes
==PROF== Profiling "vectorized_elementwise_kernel" - 397 (398/800): 0%....50%....100% - 9 passes
==PROF== Profiling "kernel" - 398 (399/800): 0%....50%....100% - 9 passes
==PROF== Profiling "vectorized_elementwise_kernel" - 399 (400/800): 0%....50%....100% - 9 passes
==PROF== Profiling "kernel" - 400 (401/800): 0%....50%....100% - 9 passes
==PROF== Profiling "vectorized_elementwise_kernel" - 401 (402/800): 0%....50%....100% - 9 passes
==PROF== Profiling "unrolled_elementwise_kernel" - 402 (403/800): 0%....50%....100% - 9 passes
==PROF== Profiling "vectorized_elementwise_kernel" - 403 (404/800): 0%....50%....100% - 9 passes
==PROF== Profiling "reduce_kernel" - 404 (405/800): 0%....50%....100% - 9 passes
==PROF== Profiling "vectorized_elementwise_kernel" - 405 (406/800): 0%....50%....100% - 9 passes
==PROF== Profiling "vectorized_elementwise_kernel" - 406 (407/800): 0%....50%....100% - 9 passes
==PROF== Profiling "elementwise_kernel" - 407 (408/800): 0%....50%....100% - 9 passes
==PROF== Profiling "vectorized_elementwise_kernel" - 408 (409/800): 0%....50%....100% - 9 passes
==PROF== Profiling "vectorized_elementwise_kernel" - 409 (410/800): 0%....50%....100% - 9 passes
==PROF== Profiling "kernel" - 410 (411/800): 0%....50%....100% - 9 passes
==PROF== Profiling "vectorized_elementwise_kernel" - 411 (412/800): 0%....50%....100% - 9 passes
==PROF== Profiling "CatArrayBatchedCopy_alignedK_..." - 412 (413/800): 0%....50%....100% - 9 passes
==PROF== Profiling "elementwise_kernel" - 413 (414/800): 0%....50%....100% - 9 passes
==PROF== Profiling "conv2d_grouped_direct_kernel" - 414 (415/800): 0%....50%....100% - 9 passes
==PROF== Profiling "elementwise_kernel" - 415 (416/800): 0%....50%....100% - 9 passes
==PROF== Profiling "kernel" - 416 (417/800): 0%....50%....100% - 9 passes
==PROF== Profiling "vectorized_elementwise_kernel" - 417 (418/800): 0%....50%....100% - 9 passes
==PROF== Profiling "unrolled_elementwise_kernel" - 418 (419/800): 0%....50%....100% - 9 passes
==PROF== Profiling "vectorized_elementwise_kernel" - 419 (420/800): 0%....50%....100% - 9 passes
==PROF== Profiling "reduce_kernel" - 420 (421/800): 0%....50%....100% - 9 passes
==PROF== Profiling "vectorized_elementwise_kernel" - 421 (422/800): 0%....50%....100% - 9 passes
==PROF== Profiling "vectorized_elementwise_kernel" - 422 (423/800): 0%....50%....100% - 9 passes
==PROF== Profiling "elementwise_kernel" - 423 (424/800): 0%....50%....100% - 9 passes
==PROF== Profiling "vectorized_elementwise_kernel" - 424 (425/800): 0%....50%....100% - 9 passes
==PROF== Profiling "vectorized_elementwise_kernel" - 425 (426/800): 0%....50%....100% - 9 passes
==PROF== Profiling "kernel" - 426 (427/800): 0%....50%....100% - 9 passes
==PROF== Profiling "vectorized_elementwise_kernel" - 427 (428/800): 0%....50%....100% - 9 passes
==PROF== Profiling "kernel" - 428 (429/800): 0%....50%....100% - 9 passes
==PROF== Profiling "vectorized_elementwise_kernel" - 429 (430/800): 0%....50%....100% - 9 passes
==PROF== Profiling "kernel" - 430 (431/800): 0%....50%....100% - 9 passes
==PROF== Profiling "vectorized_elementwise_kernel" - 431 (432/800): 0%....50%....100% - 9 passes
==PROF== Profiling "unrolled_elementwise_kernel" - 432 (433/800): 0%....50%....100% - 9 passes
==PROF== Profiling "vectorized_elementwise_kernel" - 433 (434/800): 0%....50%....100% - 9 passes
==PROF== Profiling "reduce_kernel" - 434 (435/800): 0%....50%....100% - 9 passes
==PROF== Profiling "vectorized_elementwise_kernel" - 435 (436/800): 0%....50%....100% - 9 passes
==PROF== Profiling "vectorized_elementwise_kernel" - 436 (437/800): 0%....50%....100% - 9 passes
==PROF== Profiling "elementwise_kernel" - 437 (438/800): 0%....50%....100% - 9 passes
==PROF== Profiling "vectorized_elementwise_kernel" - 438 (439/800): 0%....50%....100% - 9 passes
==PROF== Profiling "vectorized_elementwise_kernel" - 439 (440/800): 0%....50%....100% - 9 passes
==PROF== Profiling "kernel" - 440 (441/800): 0%....50%....100% - 9 passes
==PROF== Profiling "unrolled_elementwise_kernel" - 441 (442/800): 0%....50%....100% - 9 passes
==PROF== Profiling "vectorized_elementwise_kernel" - 442 (443/800): 0%....50%....100% - 9 passes
==PROF== Profiling "reduce_kernel" - 443 (444/800): 0%....50%....100% - 9 passes
==PROF== Profiling "vectorized_elementwise_kernel" - 444 (445/800): 0%....50%....100% - 9 passes
==PROF== Profiling "vectorized_elementwise_kernel" - 445 (446/800): 0%....50%....100% - 9 passes
==PROF== Profiling "elementwise_kernel" - 446 (447/800): 0%....50%....100% - 9 passes
==PROF== Profiling "vectorized_elementwise_kernel" - 447 (448/800): 0%....50%....100% - 9 passes
==PROF== Profiling "elementwise_kernel" - 448 (449/800): 0%....50%....100% - 9 passes
==PROF== Profiling "kernel" - 449 (450/800): 0%....50%....100% - 9 passes
==PROF== Profiling "unrolled_elementwise_kernel" - 450 (451/800): 0%....50%....100% - 9 passes
==PROF== Profiling "vectorized_elementwise_kernel" - 451 (452/800): 0%....50%....100% - 9 passes
==PROF== Profiling "reduce_kernel" - 452 (453/800): 0%....50%....100% - 9 passes
==PROF== Profiling "vectorized_elementwise_kernel" - 453 (454/800): 0%....50%....100% - 9 passes
==PROF== Profiling "vectorized_elementwise_kernel" - 454 (455/800): 0%....50%....100% - 9 passes
==PROF== Profiling "elementwise_kernel" - 455 (456/800): 0%....50%....100% - 9 passes
==PROF== Profiling "vectorized_elementwise_kernel" - 456 (457/800): 0%....50%....100% - 9 passes
==PROF== Profiling "elementwise_kernel" - 457 (458/800): 0%....50%....100% - 9 passes
==PROF== Profiling "kernel" - 458 (459/800): 0%....50%....100% - 9 passes
==PROF== Profiling "elementwise_kernel" - 459 (460/800): 0%....50%....100% - 9 passes
==PROF== Profiling "elementwise_kernel" - 460 (461/800): 0%....50%....100% - 9 passes
==PROF== Profiling "CatArrayBatchedCopy" - 461 (462/800): 0%....50%....100% - 9 passes
==PROF== Profiling "elementwise_kernel" - 462 (463/800): 0%....50%....100% - 9 passes
==PROF== Profiling "vectorized_elementwise_kernel" - 463 (464/800): 0%....50%....100% - 9 passes
==PROF== Profiling "elementwise_kernel" - 464 (465/800): 0%....50%....100% - 9 passes
==PROF== Profiling "elementwise_kernel" - 465 (466/800): 0%....50%....100% - 9 passes
==PROF== Profiling "CatArrayBatchedCopy" - 466 (467/800): 0%....50%....100% - 9 passes
==PROF== Profiling "elementwise_kernel" - 467 (468/800): 0%....50%....100% - 9 passes
==PROF== Profiling "vectorized_elementwise_kernel" - 468 (469/800): 0%....50%....100% - 9 passes
==PROF== Profiling "CatArrayBatchedCopy_vectorized" - 469 (470/800): 0%....50%....100% - 9 passes
==PROF== Profiling "CatArrayBatchedCopy_vectorized" - 470 (471/800): 0%....50%....100% - 9 passes
==PROF== Profiling "unrolled_elementwise_kernel" - 471 (472/800): 0%....50%....100% - 9 passes
==PROF== Profiling "unrolled_elementwise_kernel" - 472 (473/800): 0%....50%....100% - 9 passes
==PROF== Profiling "unrolled_elementwise_kernel" - 473 (474/800): 0%....50%....100% - 9 passes
==PROF== Profiling "vectorized_elementwise_kernel" - 474 (475/800): 0%....50%....100% - 9 passes
==PROF== Profiling "elementwise_kernel" - 475 (476/800): 0%....50%....100% - 9 passes
==PROF== Profiling "elementwise_kernel" - 476 (477/800): 0%....50%....100% - 9 passes
==PROF== Profiling "vectorized_elementwise_kernel" - 477 (478/800): 0%....50%....100% - 9 passes
==PROF== Profiling "gemv2T_kernel_val" - 478 (479/800): 0%....50%....100% - 9 passes
==PROF== Profiling "softmax_warp_forward" - 479 (480/800): 0%....50%....100% - 9 passes
==PROF== Profiling "vectorized_elementwise_kernel" - 480 (481/800): 0%....50%....100% - 9 passes
==PROF== Profiling "reduce_kernel" - 481 (482/800): 0%....50%....100% - 9 passes
==PROF== Profiling "vectorized_elementwise_kernel" - 482 (483/800): 0%....50%....100% - 9 passes
==PROF== Profiling "elementwise_kernel" - 483 (484/800): 0%....50%....100% - 9 passes
==PROF== Profiling "vectorized_elementwise_kernel" - 484 (485/800): 0%....50%....100% - 9 passes
==PROF== Profiling "kernel" - 485 (486/800): 0%....50%....100% - 9 passes
==PROF== Profiling "vectorized_elementwise_kernel" - 486 (487/800): 0%....50%....100% - 9 passes
==PROF== Profiling "kernel" - 487 (488/800): 0%....50%....100% - 9 passes
==PROF== Profiling "vectorized_elementwise_kernel" - 488 (489/800): 0%....50%....100% - 9 passes
==PROF== Profiling "unrolled_elementwise_kernel" - 489 (490/800): 0%....50%....100% - 9 passes
==PROF== Profiling "vectorized_elementwise_kernel" - 490 (491/800): 0%....50%....100% - 9 passes
==PROF== Profiling "reduce_kernel" - 491 (492/800): 0%....50%....100% - 9 passes
==PROF== Profiling "vectorized_elementwise_kernel" - 492 (493/800): 0%....50%....100% - 9 passes
==PROF== Profiling "vectorized_elementwise_kernel" - 493 (494/800): 0%....50%....100% - 9 passes
==PROF== Profiling "elementwise_kernel" - 494 (495/800): 0%....50%....100% - 9 passes
==PROF== Profiling "vectorized_elementwise_kernel" - 495 (496/800): 0%....50%....100% - 9 passes
==PROF== Profiling "vectorized_elementwise_kernel" - 496 (497/800): 0%....50%....100% - 9 passes
==PROF== Profiling "kernel" - 497 (498/800): 0%....50%....100% - 9 passes
==PROF== Profiling "vectorized_elementwise_kernel" - 498 (499/800): 0%....50%....100% - 9 passes
==PROF== Profiling "kernel" - 499 (500/800): 0%....50%....100% - 9 passes
==PROF== Profiling "vectorized_elementwise_kernel" - 500 (501/800): 0%....50%....100% - 9 passes
==PROF== Profiling "kernel" - 501 (502/800): 0%....50%....100% - 9 passes
==PROF== Profiling "vectorized_elementwise_kernel" - 502 (503/800): 0%....50%....100% - 9 passes
==PROF== Profiling "unrolled_elementwise_kernel" - 503 (504/800): 0%....50%....100% - 9 passes
==PROF== Profiling "vectorized_elementwise_kernel" - 504 (505/800): 0%....50%....100% - 9 passes
==PROF== Profiling "reduce_kernel" - 505 (506/800): 0%....50%....100% - 9 passes
==PROF== Profiling "vectorized_elementwise_kernel" - 506 (507/800): 0%....50%....100% - 9 passes
==PROF== Profiling "vectorized_elementwise_kernel" - 507 (508/800): 0%....50%....100% - 9 passes
==PROF== Profiling "elementwise_kernel" - 508 (509/800): 0%....50%....100% - 9 passes
==PROF== Profiling "vectorized_elementwise_kernel" - 509 (510/800): 0%....50%....100% - 9 passes
==PROF== Profiling "vectorized_elementwise_kernel" - 510 (511/800): 0%....50%....100% - 9 passes
==PROF== Profiling "kernel" - 511 (512/800): 0%....50%....100% - 9 passes
==PROF== Profiling "vectorized_elementwise_kernel" - 512 (513/800): 0%....50%....100% - 9 passes
==PROF== Profiling "CatArrayBatchedCopy_alignedK_..." - 513 (514/800): 0%....50%....100% - 9 passes
==PROF== Profiling "elementwise_kernel" - 514 (515/800): 0%....50%....100% - 9 passes
==PROF== Profiling "conv2d_grouped_direct_kernel" - 515 (516/800): 0%....50%....100% - 9 passes
==PROF== Profiling "elementwise_kernel" - 516 (517/800): 0%....50%....100% - 9 passes
==PROF== Profiling "kernel" - 517 (518/800): 0%....50%....100% - 9 passes
==PROF== Profiling "vectorized_elementwise_kernel" - 518 (519/800): 0%....50%....100% - 9 passes
==PROF== Profiling "unrolled_elementwise_kernel" - 519 (520/800): 0%....50%....100% - 9 passes
==PROF== Profiling "vectorized_elementwise_kernel" - 520 (521/800): 0%....50%....100% - 9 passes
==PROF== Profiling "reduce_kernel" - 521 (522/800): 0%....50%....100% - 9 passes
==PROF== Profiling "vectorized_elementwise_kernel" - 522 (523/800): 0%....50%....100% - 9 passes
==PROF== Profiling "vectorized_elementwise_kernel" - 523 (524/800): 0%....50%....100% - 9 passes
==PROF== Profiling "elementwise_kernel" - 524 (525/800): 0%....50%....100% - 9 passes
==PROF== Profiling "vectorized_elementwise_kernel" - 525 (526/800): 0%....50%....100% - 9 passes
==PROF== Profiling "vectorized_elementwise_kernel" - 526 (527/800): 0%....50%....100% - 9 passes
==PROF== Profiling "kernel" - 527 (528/800): 0%....50%....100% - 9 passes
==PROF== Profiling "vectorized_elementwise_kernel" - 528 (529/800): 0%....50%....100% - 9 passes
==PROF== Profiling "kernel" - 529 (530/800): 0%....50%....100% - 9 passes
==PROF== Profiling "vectorized_elementwise_kernel" - 530 (531/800): 0%....50%....100% - 9 passes
==PROF== Profiling "kernel" - 531 (532/800): 0%....50%....100% - 9 passes
==PROF== Profiling "vectorized_elementwise_kernel" - 532 (533/800): 0%....50%....100% - 9 passes
==PROF== Profiling "unrolled_elementwise_kernel" - 533 (534/800): 0%....50%....100% - 9 passes
==PROF== Profiling "vectorized_elementwise_kernel" - 534 (535/800): 0%....50%....100% - 9 passes
==PROF== Profiling "reduce_kernel" - 535 (536/800): 0%....50%....100% - 9 passes
==PROF== Profiling "vectorized_elementwise_kernel" - 536 (537/800): 0%....50%....100% - 9 passes
==PROF== Profiling "vectorized_elementwise_kernel" - 537 (538/800): 0%....50%....100% - 9 passes
==PROF== Profiling "elementwise_kernel" - 538 (539/800): 0%....50%....100% - 9 passes
==PROF== Profiling "vectorized_elementwise_kernel" - 539 (540/800): 0%....50%....100% - 9 passes
==PROF== Profiling "vectorized_elementwise_kernel" - 540 (541/800): 0%....50%....100% - 9 passes
==PROF== Profiling "kernel" - 541 (542/800): 0%....50%....100% - 9 passes
==PROF== Profiling "unrolled_elementwise_kernel" - 542 (543/800): 0%....50%....100% - 9 passes
==PROF== Profiling "vectorized_elementwise_kernel" - 543 (544/800): 0%....50%....100% - 9 passes
==PROF== Profiling "reduce_kernel" - 544 (545/800): 0%....50%....100% - 9 passes
==PROF== Profiling "vectorized_elementwise_kernel" - 545 (546/800): 0%....50%....100% - 9 passes
==PROF== Profiling "vectorized_elementwise_kernel" - 546 (547/800): 0%....50%....100% - 9 passes
==PROF== Profiling "elementwise_kernel" - 547 (548/800): 0%....50%....100% - 9 passes
==PROF== Profiling "vectorized_elementwise_kernel" - 548 (549/800): 0%....50%....100% - 9 passes
==PROF== Profiling "elementwise_kernel" - 549 (550/800): 0%....50%....100% - 9 passes
==PROF== Profiling "kernel" - 550 (551/800): 0%....50%....100% - 9 passes
==PROF== Profiling "unrolled_elementwise_kernel" - 551 (552/800): 0%....50%....100% - 9 passes
==PROF== Profiling "vectorized_elementwise_kernel" - 552 (553/800): 0%....50%....100% - 9 passes
==PROF== Profiling "reduce_kernel" - 553 (554/800): 0%....50%....100% - 9 passes
==PROF== Profiling "vectorized_elementwise_kernel" - 554 (555/800): 0%....50%....100% - 9 passes
==PROF== Profiling "vectorized_elementwise_kernel" - 555 (556/800): 0%....50%....100% - 9 passes
==PROF== Profiling "elementwise_kernel" - 556 (557/800): 0%....50%....100% - 9 passes
==PROF== Profiling "vectorized_elementwise_kernel" - 557 (558/800): 0%....50%....100% - 9 passes
==PROF== Profiling "elementwise_kernel" - 558 (559/800): 0%....50%....100% - 9 passes
==PROF== Profiling "kernel" - 559 (560/800): 0%....50%....100% - 9 passes
==PROF== Profiling "elementwise_kernel" - 560 (561/800): 0%....50%....100% - 9 passes
==PROF== Profiling "elementwise_kernel" - 561 (562/800): 0%....50%....100% - 9 passes
==PROF== Profiling "CatArrayBatchedCopy" - 562 (563/800): 0%....50%....100% - 9 passes
==PROF== Profiling "elementwise_kernel" - 563 (564/800): 0%....50%....100% - 9 passes
==PROF== Profiling "vectorized_elementwise_kernel" - 564 (565/800): 0%....50%....100% - 9 passes
==PROF== Profiling "elementwise_kernel" - 565 (566/800): 0%....50%....100% - 9 passes
==PROF== Profiling "elementwise_kernel" - 566 (567/800): 0%....50%....100% - 9 passes
==PROF== Profiling "CatArrayBatchedCopy" - 567 (568/800): 0%....50%....100% - 9 passes
==PROF== Profiling "elementwise_kernel" - 568 (569/800): 0%....50%....100% - 9 passes
==PROF== Profiling "vectorized_elementwise_kernel" - 569 (570/800): 0%....50%....100% - 9 passes
==PROF== Profiling "CatArrayBatchedCopy_vectorized" - 570 (571/800): 0%....50%....100% - 9 passes
==PROF== Profiling "CatArrayBatchedCopy_vectorized" - 571 (572/800): 0%....50%....100% - 9 passes
==PROF== Profiling "unrolled_elementwise_kernel" - 572 (573/800): 0%....50%....100% - 9 passes
==PROF== Profiling "unrolled_elementwise_kernel" - 573 (574/800): 0%....50%....100% - 9 passes
==PROF== Profiling "unrolled_elementwise_kernel" - 574 (575/800): 0%....50%....100% - 9 passes
==PROF== Profiling "vectorized_elementwise_kernel" - 575 (576/800): 0%....50%....100% - 9 passes
==PROF== Profiling "elementwise_kernel" - 576 (577/800): 0%....50%....100% - 9 passes
==PROF== Profiling "elementwise_kernel" - 577 (578/800): 0%....50%....100% - 9 passes
==PROF== Profiling "vectorized_elementwise_kernel" - 578 (579/800): 0%....50%....100% - 9 passes
==PROF== Profiling "gemv2T_kernel_val" - 579 (580/800): 0%....50%....100% - 9 passes
==PROF== Profiling "softmax_warp_forward" - 580 (581/800): 0%....50%....100% - 9 passes
==PROF== Profiling "vectorized_elementwise_kernel" - 581 (582/800): 0%....50%....100% - 9 passes
==PROF== Profiling "reduce_kernel" - 582 (583/800): 0%....50%....100% - 9 passes
==PROF== Profiling "vectorized_elementwise_kernel" - 583 (584/800): 0%....50%....100% - 9 passes
==PROF== Profiling "elementwise_kernel" - 584 (585/800): 0%....50%....100% - 9 passes
==PROF== Profiling "vectorized_elementwise_kernel" - 585 (586/800): 0%....50%....100% - 9 passes
==PROF== Profiling "kernel" - 586 (587/800): 0%....50%....100% - 9 passes
==PROF== Profiling "vectorized_elementwise_kernel" - 587 (588/800): 0%....50%....100% - 9 passes
==PROF== Profiling "kernel" - 588 (589/800): 0%....50%....100% - 9 passes
==PROF== Profiling "vectorized_elementwise_kernel" - 589 (590/800): 0%....50%....100% - 9 passes
==PROF== Profiling "unrolled_elementwise_kernel" - 590 (591/800): 0%....50%....100% - 9 passes
==PROF== Profiling "vectorized_elementwise_kernel" - 591 (592/800): 0%....50%....100% - 9 passes
==PROF== Profiling "reduce_kernel" - 592 (593/800): 0%....50%....100% - 9 passes
==PROF== Profiling "vectorized_elementwise_kernel" - 593 (594/800): 0%....50%....100% - 9 passes
==PROF== Profiling "vectorized_elementwise_kernel" - 594 (595/800): 0%....50%....100% - 9 passes
==PROF== Profiling "elementwise_kernel" - 595 (596/800): 0%....50%....100% - 9 passes
==PROF== Profiling "vectorized_elementwise_kernel" - 596 (597/800): 0%....50%....100% - 9 passes
==PROF== Profiling "vectorized_elementwise_kernel" - 597 (598/800): 0%....50%....100% - 9 passes
==PROF== Profiling "kernel" - 598 (599/800): 0%....50%....100% - 9 passes
==PROF== Profiling "vectorized_elementwise_kernel" - 599 (600/800): 0%....50%....100% - 9 passes
==PROF== Profiling "kernel" - 600 (601/800): 0%....50%....100% - 9 passes
==PROF== Profiling "vectorized_elementwise_kernel" - 601 (602/800): 0%....50%....100% - 9 passes
==PROF== Profiling "kernel" - 602 (603/800): 0%....50%....100% - 9 passes
==PROF== Profiling "vectorized_elementwise_kernel" - 603 (604/800): 0%....50%....100% - 9 passes
==PROF== Profiling "unrolled_elementwise_kernel" - 604 (605/800): 0%....50%....100% - 9 passes
==PROF== Profiling "vectorized_elementwise_kernel" - 605 (606/800): 0%....50%....100% - 9 passes
==PROF== Profiling "reduce_kernel" - 606 (607/800): 0%....50%....100% - 9 passes
==PROF== Profiling "vectorized_elementwise_kernel" - 607 (608/800): 0%....50%....100% - 9 passes
==PROF== Profiling "vectorized_elementwise_kernel" - 608 (609/800): 0%....50%....100% - 9 passes
==PROF== Profiling "elementwise_kernel" - 609 (610/800): 0%....50%....100% - 9 passes
==PROF== Profiling "vectorized_elementwise_kernel" - 610 (611/800): 0%....50%....100% - 9 passes
==PROF== Profiling "vectorized_elementwise_kernel" - 611 (612/800): 0%....50%....100% - 9 passes
==PROF== Profiling "kernel" - 612 (613/800): 0%....50%....100% - 9 passes
==PROF== Profiling "vectorized_elementwise_kernel" - 613 (614/800): 0%....50%....100% - 9 passes
==PROF== Profiling "CatArrayBatchedCopy_alignedK_..." - 614 (615/800): 0%....50%....100% - 9 passes
==PROF== Profiling "elementwise_kernel" - 615 (616/800): 0%....50%....100% - 9 passes
==PROF== Profiling "conv2d_grouped_direct_kernel" - 616 (617/800): 0%....50%....100% - 9 passes
==PROF== Profiling "elementwise_kernel" - 617 (618/800): 0%....50%....100% - 9 passes
==PROF== Profiling "kernel" - 618 (619/800): 0%....50%....100% - 9 passes
==PROF== Profiling "vectorized_elementwise_kernel" - 619 (620/800): 0%....50%....100% - 9 passes
==PROF== Profiling "unrolled_elementwise_kernel" - 620 (621/800): 0%....50%....100% - 9 passes
==PROF== Profiling "vectorized_elementwise_kernel" - 621 (622/800): 0%....50%....100% - 9 passes
==PROF== Profiling "reduce_kernel" - 622 (623/800): 0%....50%....100% - 9 passes
==PROF== Profiling "vectorized_elementwise_kernel" - 623 (624/800): 0%....50%....100% - 9 passes
==PROF== Profiling "vectorized_elementwise_kernel" - 624 (625/800): 0%....50%....100% - 9 passes
==PROF== Profiling "elementwise_kernel" - 625 (626/800): 0%....50%....100% - 9 passes
==PROF== Profiling "vectorized_elementwise_kernel" - 626 (627/800): 0%....50%....100% - 9 passes
==PROF== Profiling "vectorized_elementwise_kernel" - 627 (628/800): 0%....50%....100% - 9 passes
==PROF== Profiling "kernel" - 628 (629/800): 0%....50%....100% - 9 passes
==PROF== Profiling "vectorized_elementwise_kernel" - 629 (630/800): 0%....50%....100% - 9 passes
==PROF== Profiling "kernel" - 630 (631/800): 0%....50%....100% - 9 passes
==PROF== Profiling "vectorized_elementwise_kernel" - 631 (632/800): 0%....50%....100% - 9 passes
==PROF== Profiling "kernel" - 632 (633/800): 0%....50%....100% - 9 passes
==PROF== Profiling "vectorized_elementwise_kernel" - 633 (634/800): 0%....50%....100% - 9 passes
==PROF== Profiling "unrolled_elementwise_kernel" - 634 (635/800): 0%....50%....100% - 9 passes
==PROF== Profiling "vectorized_elementwise_kernel" - 635 (636/800): 0%....50%....100% - 9 passes
==PROF== Profiling "reduce_kernel" - 636 (637/800): 0%....50%....100% - 9 passes
==PROF== Profiling "vectorized_elementwise_kernel" - 637 (638/800): 0%....50%....100% - 9 passes
==PROF== Profiling "vectorized_elementwise_kernel" - 638 (639/800): 0%....50%....100% - 9 passes
==PROF== Profiling "elementwise_kernel" - 639 (640/800): 0%....50%....100% - 9 passes
==PROF== Profiling "vectorized_elementwise_kernel" - 640 (641/800): 0%....50%....100% - 9 passes
==PROF== Profiling "vectorized_elementwise_kernel" - 641 (642/800): 0%....50%....100% - 9 passes
==PROF== Profiling "kernel" - 642 (643/800): 0%....50%....100% - 9 passes
==PROF== Profiling "unrolled_elementwise_kernel" - 643 (644/800): 0%....50%....100% - 9 passes
==PROF== Profiling "vectorized_elementwise_kernel" - 644 (645/800): 0%....50%....100% - 9 passes
==PROF== Profiling "reduce_kernel" - 645 (646/800): 0%....50%....100% - 9 passes
==PROF== Profiling "vectorized_elementwise_kernel" - 646 (647/800): 0%....50%....100% - 9 passes
==PROF== Profiling "vectorized_elementwise_kernel" - 647 (648/800): 0%....50%....100% - 9 passes
==PROF== Profiling "elementwise_kernel" - 648 (649/800): 0%....50%....100% - 9 passes
==PROF== Profiling "vectorized_elementwise_kernel" - 649 (650/800): 0%....50%....100% - 9 passes
==PROF== Profiling "elementwise_kernel" - 650 (651/800): 0%....50%....100% - 9 passes
==PROF== Profiling "kernel" - 651 (652/800): 0%....50%....100% - 9 passes
==PROF== Profiling "unrolled_elementwise_kernel" - 652 (653/800): 0%....50%....100% - 9 passes
==PROF== Profiling "vectorized_elementwise_kernel" - 653 (654/800): 0%....50%....100% - 9 passes
==PROF== Profiling "reduce_kernel" - 654 (655/800): 0%....50%....100% - 9 passes
==PROF== Profiling "vectorized_elementwise_kernel" - 655 (656/800): 0%....50%....100% - 9 passes
==PROF== Profiling "vectorized_elementwise_kernel" - 656 (657/800): 0%....50%....100% - 9 passes
==PROF== Profiling "elementwise_kernel" - 657 (658/800): 0%....50%....100% - 9 passes
==PROF== Profiling "vectorized_elementwise_kernel" - 658 (659/800): 0%....50%....100% - 9 passes
==PROF== Profiling "elementwise_kernel" - 659 (660/800): 0%....50%....100% - 9 passes
==PROF== Profiling "kernel" - 660 (661/800): 0%....50%....100% - 9 passes
==PROF== Profiling "elementwise_kernel" - 661 (662/800): 0%....50%....100% - 9 passes
==PROF== Profiling "elementwise_kernel" - 662 (663/800): 0%....50%....100% - 9 passes
==PROF== Profiling "CatArrayBatchedCopy" - 663 (664/800): 0%....50%....100% - 9 passes
==PROF== Profiling "elementwise_kernel" - 664 (665/800): 0%....50%....100% - 9 passes
==PROF== Profiling "vectorized_elementwise_kernel" - 665 (666/800): 0%....50%....100% - 9 passes
==PROF== Profiling "elementwise_kernel" - 666 (667/800): 0%....50%....100% - 9 passes
==PROF== Profiling "elementwise_kernel" - 667 (668/800): 0%....50%....100% - 9 passes
==PROF== Profiling "CatArrayBatchedCopy" - 668 (669/800): 0%....50%....100% - 9 passes
==PROF== Profiling "elementwise_kernel" - 669 (670/800): 0%....50%....100% - 9 passes
==PROF== Profiling "vectorized_elementwise_kernel" - 670 (671/800): 0%....50%....100% - 9 passes
==PROF== Profiling "CatArrayBatchedCopy_vectorized" - 671 (672/800): 0%....50%....100% - 9 passes
==PROF== Profiling "CatArrayBatchedCopy_vectorized" - 672 (673/800): 0%....50%....100% - 9 passes
==PROF== Profiling "unrolled_elementwise_kernel" - 673 (674/800): 0%....50%....100% - 9 passes
==PROF== Profiling "unrolled_elementwise_kernel" - 674 (675/800): 0%....50%....100% - 9 passes
==PROF== Profiling "unrolled_elementwise_kernel" - 675 (676/800): 0%....50%....100% - 9 passes
==PROF== Profiling "vectorized_elementwise_kernel" - 676 (677/800): 0%....50%....100% - 9 passes
==PROF== Profiling "elementwise_kernel" - 677 (678/800): 0%....50%....100% - 9 passes
==PROF== Profiling "elementwise_kernel" - 678 (679/800): 0%....50%....100% - 9 passes
==PROF== Profiling "vectorized_elementwise_kernel" - 679 (680/800): 0%....50%....100% - 9 passes
==PROF== Profiling "gemv2T_kernel_val" - 680 (681/800): 0%....50%....100% - 9 passes
==PROF== Profiling "softmax_warp_forward" - 681 (682/800): 0%....50%....100% - 9 passes
==PROF== Profiling "vectorized_elementwise_kernel" - 682 (683/800): 0%....50%....100% - 9 passes
==PROF== Profiling "reduce_kernel" - 683 (684/800): 0%....50%....100% - 9 passes
==PROF== Profiling "vectorized_elementwise_kernel" - 684 (685/800): 0%....50%....100% - 9 passes
==PROF== Profiling "elementwise_kernel" - 685 (686/800): 0%....50%....100% - 9 passes
==PROF== Profiling "vectorized_elementwise_kernel" - 686 (687/800): 0%....50%....100% - 9 passes
==PROF== Profiling "kernel" - 687 (688/800): 0%....50%....100% - 9 passes
==PROF== Profiling "vectorized_elementwise_kernel" - 688 (689/800): 0%....50%....100% - 9 passes
==PROF== Profiling "kernel" - 689 (690/800): 0%....50%....100% - 9 passes
==PROF== Profiling "vectorized_elementwise_kernel" - 690 (691/800): 0%....50%....100% - 9 passes
==PROF== Profiling "unrolled_elementwise_kernel" - 691 (692/800): 0%....50%....100% - 9 passes
==PROF== Profiling "vectorized_elementwise_kernel" - 692 (693/800): 0%....50%....100% - 9 passes
==PROF== Profiling "reduce_kernel" - 693 (694/800): 0%....50%....100% - 9 passes
==PROF== Profiling "vectorized_elementwise_kernel" - 694 (695/800): 0%....50%....100% - 9 passes
==PROF== Profiling "vectorized_elementwise_kernel" - 695 (696/800): 0%....50%....100% - 9 passes
==PROF== Profiling "elementwise_kernel" - 696 (697/800): 0%....50%....100% - 9 passes
==PROF== Profiling "vectorized_elementwise_kernel" - 697 (698/800): 0%....50%....100% - 9 passes
==PROF== Profiling "vectorized_elementwise_kernel" - 698 (699/800): 0%....50%....100% - 9 passes
==PROF== Profiling "kernel" - 699 (700/800): 0%....50%....100% - 9 passes
==PROF== Profiling "vectorized_elementwise_kernel" - 700 (701/800): 0%....50%....100% - 9 passes
==PROF== Profiling "kernel" - 701 (702/800): 0%....50%....100% - 9 passes
==PROF== Profiling "vectorized_elementwise_kernel" - 702 (703/800): 0%....50%....100% - 9 passes
==PROF== Profiling "kernel" - 703 (704/800): 0%....50%....100% - 9 passes
==PROF== Profiling "vectorized_elementwise_kernel" - 704 (705/800): 0%....50%....100% - 9 passes
==PROF== Profiling "unrolled_elementwise_kernel" - 705 (706/800): 0%....50%....100% - 9 passes
==PROF== Profiling "vectorized_elementwise_kernel" - 706 (707/800): 0%....50%....100% - 9 passes
==PROF== Profiling "reduce_kernel" - 707 (708/800): 0%....50%....100% - 9 passes
==PROF== Profiling "vectorized_elementwise_kernel" - 708 (709/800): 0%....50%....100% - 9 passes
==PROF== Profiling "vectorized_elementwise_kernel" - 709 (710/800): 0%....50%....100% - 9 passes
==PROF== Profiling "elementwise_kernel" - 710 (711/800): 0%....50%....100% - 9 passes
==PROF== Profiling "vectorized_elementwise_kernel" - 711 (712/800): 0%....50%....100% - 9 passes
==PROF== Profiling "vectorized_elementwise_kernel" - 712 (713/800): 0%....50%....100% - 9 passes
==PROF== Profiling "kernel" - 713 (714/800): 0%....50%....100% - 9 passes
==PROF== Profiling "vectorized_elementwise_kernel" - 714 (715/800): 0%....50%....100% - 9 passes
==PROF== Profiling "CatArrayBatchedCopy_alignedK_..." - 715 (716/800): 0%....50%....100% - 9 passes
==PROF== Profiling "elementwise_kernel" - 716 (717/800): 0%....50%....100% - 9 passes
==PROF== Profiling "conv2d_grouped_direct_kernel" - 717 (718/800): 0%....50%....100% - 9 passes
==PROF== Profiling "elementwise_kernel" - 718 (719/800): 0%....50%....100% - 9 passes
==PROF== Profiling "kernel" - 719 (720/800): 0%....50%....100% - 9 passes
==PROF== Profiling "vectorized_elementwise_kernel" - 720 (721/800): 0%....50%....100% - 9 passes
==PROF== Profiling "unrolled_elementwise_kernel" - 721 (722/800): 0%....50%....100% - 9 passes
==PROF== Profiling "vectorized_elementwise_kernel" - 722 (723/800): 0%....50%....100% - 9 passes
==PROF== Profiling "reduce_kernel" - 723 (724/800): 0%....50%....100% - 9 passes
==PROF== Profiling "vectorized_elementwise_kernel" - 724 (725/800): 0%....50%....100% - 9 passes
==PROF== Profiling "vectorized_elementwise_kernel" - 725 (726/800): 0%....50%....100% - 9 passes
==PROF== Profiling "elementwise_kernel" - 726 (727/800): 0%....50%....100% - 9 passes
==PROF== Profiling "vectorized_elementwise_kernel" - 727 (728/800): 0%....50%....100% - 9 passes
==PROF== Profiling "vectorized_elementwise_kernel" - 728 (729/800): 0%....50%....100% - 9 passes
==PROF== Profiling "kernel" - 729 (730/800): 0%....50%....100% - 9 passes
==PROF== Profiling "vectorized_elementwise_kernel" - 730 (731/800): 0%....50%....100% - 9 passes
==PROF== Profiling "kernel" - 731 (732/800): 0%....50%....100% - 9 passes
==PROF== Profiling "vectorized_elementwise_kernel" - 732 (733/800): 0%....50%....100% - 9 passes
==PROF== Profiling "kernel" - 733 (734/800): 0%....50%....100% - 9 passes
==PROF== Profiling "vectorized_elementwise_kernel" - 734 (735/800): 0%....50%....100% - 9 passes
==PROF== Profiling "unrolled_elementwise_kernel" - 735 (736/800): 0%....50%....100% - 9 passes
==PROF== Profiling "vectorized_elementwise_kernel" - 736 (737/800): 0%....50%....100% - 9 passes
==PROF== Profiling "reduce_kernel" - 737 (738/800): 0%....50%....100% - 9 passes
==PROF== Profiling "vectorized_elementwise_kernel" - 738 (739/800): 0%....50%....100% - 9 passes
==PROF== Profiling "vectorized_elementwise_kernel" - 739 (740/800): 0%....50%....100% - 9 passes
==PROF== Profiling "elementwise_kernel" - 740 (741/800): 0%....50%....100% - 9 passes
==PROF== Profiling "vectorized_elementwise_kernel" - 741 (742/800): 0%....50%....100% - 9 passes
==PROF== Profiling "vectorized_elementwise_kernel" - 742 (743/800): 0%....50%....100% - 9 passes
==PROF== Profiling "kernel" - 743 (744/800): 0%....50%....100% - 9 passes
==PROF== Profiling "unrolled_elementwise_kernel" - 744 (745/800): 0%....50%....100% - 9 passes
==PROF== Profiling "elementwise_kernel" - 745 (746/800): 0%....50%....100% - 9 passes
==PROF== Profiling "CatArrayBatchedCopy_vectorized" - 746 (747/800): 0%....50%....100% - 9 passes
==PROF== Profiling "vectorized_elementwise_kernel" - 747 (748/800): 0%....50%....100% - 9 passes
==PROF== Profiling "vectorized_elementwise_kernel" - 748 (749/800): 0%....50%....100% - 9 passes
==PROF== Profiling "vectorized_elementwise_kernel" - 749 (750/800): 0%....50%....100% - 9 passes
==PROF== Profiling "vectorized_elementwise_kernel" - 750 (751/800): 0%....50%....100% - 9 passes
==PROF== Profiling "vectorized_elementwise_kernel" - 751 (752/800): 0%....50%....100% - 9 passes
==PROF== Profiling "vectorized_elementwise_kernel" - 752 (753/800): 0%....50%....100% - 9 passes
==PROF== Profiling "unrolled_elementwise_kernel" - 753 (754/800): 0%....50%....100% - 9 passes
==PROF== Profiling "vectorized_elementwise_kernel" - 754 (755/800): 0%....50%....100% - 9 passes
==PROF== Profiling "reduce_kernel" - 755 (756/800): 0%....50%....100% - 9 passes
==PROF== Profiling "vectorized_elementwise_kernel" - 756 (757/800): 0%....50%....100% - 9 passes
==PROF== Profiling "vectorized_elementwise_kernel" - 757 (758/800): 0%....50%....100% - 9 passes
==PROF== Profiling "elementwise_kernel" - 758 (759/800): 0%....50%....100% - 9 passes
==PROF== Profiling "vectorized_elementwise_kernel" - 759 (760/800): 0%....50%....100% - 9 passes
==PROF== Profiling "vectorized_elementwise_kernel" - 760 (761/800): 0%....50%....100% - 9 passes
==PROF== Profiling "kernel" - 761 (762/800): 0%....50%....100% - 9 passes
==PROF== Profiling "vectorized_elementwise_kernel" - 762 (763/800): 0%....50%....100% - 9 passes
==PROF== Profiling "CatArrayBatchedCopy_alignedK_..." - 763 (764/800): 0%....50%....100% - 9 passes
==PROF== Profiling "elementwise_kernel" - 764 (765/800): 0%....50%....100% - 9 passes
==PROF== Profiling "conv2d_grouped_direct_kernel" - 765 (766/800): 0%....50%....100% - 9 passes
==PROF== Profiling "elementwise_kernel" - 766 (767/800): 0%....50%....100% - 9 passes
==PROF== Profiling "kernel" - 767 (768/800): 0%....50%....100% - 9 passes
==PROF== Profiling "vectorized_elementwise_kernel" - 768 (769/800): 0%....50%....100% - 9 passes
==PROF== Profiling "unrolled_elementwise_kernel" - 769 (770/800): 0%....50%....100% - 9 passes
==PROF== Profiling "vectorized_elementwise_kernel" - 770 (771/800): 0%....50%....100% - 9 passes
==PROF== Profiling "reduce_kernel" - 771 (772/800): 0%....50%....100% - 9 passes
==PROF== Profiling "vectorized_elementwise_kernel" - 772 (773/800): 0%....50%....100% - 9 passes
==PROF== Profiling "vectorized_elementwise_kernel" - 773 (774/800): 0%....50%....100% - 9 passes
==PROF== Profiling "elementwise_kernel" - 774 (775/800): 0%....50%....100% - 9 passes
==PROF== Profiling "vectorized_elementwise_kernel" - 775 (776/800): 0%....50%....100% - 9 passes
==PROF== Profiling "vectorized_elementwise_kernel" - 776 (777/800): 0%....50%....100% - 9 passes
==PROF== Profiling "kernel" - 777 (778/800): 0%....50%....100% - 9 passes
==PROF== Profiling "vectorized_elementwise_kernel" - 778 (779/800): 0%....50%....100% - 9 passes
==PROF== Profiling "kernel" - 779 (780/800): 0%....50%....100% - 9 passes
==PROF== Profiling "vectorized_elementwise_kernel" - 780 (781/800): 0%....50%....100% - 9 passes
==PROF== Profiling "kernel" - 781 (782/800): 0%....50%....100% - 9 passes
==PROF== Profiling "vectorized_elementwise_kernel" - 782 (783/800): 0%....50%....100% - 9 passes
==PROF== Profiling "unrolled_elementwise_kernel" - 783 (784/800): 0%....50%....100% - 9 passes
==PROF== Profiling "vectorized_elementwise_kernel" - 784 (785/800): 0%....50%....100% - 9 passes
==PROF== Profiling "reduce_kernel" - 785 (786/800): 0%....50%....100% - 9 passes
==PROF== Profiling "vectorized_elementwise_kernel" - 786 (787/800): 0%....50%....100% - 9 passes
==PROF== Profiling "vectorized_elementwise_kernel" - 787 (788/800): 0%....50%....100% - 9 passes
==PROF== Profiling "elementwise_kernel" - 788 (789/800): 0%....50%....100% - 9 passes
==PROF== Profiling "vectorized_elementwise_kernel" - 789 (790/800): 0%....50%....100% - 9 passes
==PROF== Profiling "vectorized_elementwise_kernel" - 790 (791/800): 0%....50%....100% - 9 passes
==PROF== Profiling "kernel" - 791 (792/800): 0%....50%....100% - 9 passes
==PROF== Profiling "vectorized_elementwise_kernel" - 792 (793/800): 0%....50%....100% - 9 passes
==PROF== Profiling "CatArrayBatchedCopy_alignedK_..." - 793 (794/800): 0%....50%....100% - 9 passes
==PROF== Profiling "elementwise_kernel" - 794 (795/800): 0%....50%....100% - 9 passes
==PROF== Profiling "conv2d_grouped_direct_kernel" - 795 (796/800): 0%....50%....100% - 9 passes
==PROF== Profiling "elementwise_kernel" - 796 (797/800): 0%....50%....100% - 9 passes
==PROF== Profiling "kernel" - 797 (798/800): 0%....50%....100% - 9 passes
==PROF== Profiling "vectorized_elementwise_kernel" - 798 (799/800): 0%....50%....100% - 9 passes
==PROF== Profiling "unrolled_elementwise_kernel" - 799 (800/800): 0%....50%....100% - 9 passes
[run_once] done
==PROF== Disconnected from process 51159
==PROF== Report: /content/PAA_Project/profiling/reports/20261007-152958_T4_ncu_decode_img_small/ncu_decode.ncu-rep
[ncu] -> /content/PAA_Project/profiling/reports/20261007-152958_T4_ncu_decode_img_small
total 121696
drwxr-xr-x 2 root root      4096 Oct  7 15:57 .
drwxr-xr-x 8 root root      4096 Oct  7 15:29 ..
-rw-r--r-- 1 root root    372479 Oct  7 15:57 ncu_decode_metrics.csv
-rw-r--r-- 1 root root 124229410 Oct  7 15:56 ncu_decode.ncu-rep
[suite 15:57:08] END   ncu rc=0 (1630 s)
[suite 15:57:08] START ncu: env NCU_SET=basic LAUNCHES=500 bash profiling/ncu/profile_ncu.sh vision img_small --variant baseline
==PROF== Connected to process 65209 (/usr/bin/python3.13)
==PROF== Profiling "vectorized_elementwise_kernel" - 0 (1/500): 0%....50%....100% - 9 passes
==PROF== Profiling "turing_fp16_s1688gemm_fp16_12..." - 1 (2/500): 0%....50%....100% - 9 passes
==PROF== Profiling "elementwise_kernel" - 2 (3/500): 0%....50%....100% - 9 passes
==PROF== Profiling "upsample_gen2d_aa_out_frame" - 3 (4/500): 0%....50%....100% - 9 passes
==PROF== Profiling "elementwise_kernel" - 4 (5/500): 0%....50%....100% - 9 passes
==PROF== Profiling "elementwise_kernel" - 5 (6/500): 0%....50%....100% - 9 passes
==PROF== Profiling "vectorized_elementwise_kernel" - 6 (7/500): 0%....50%....100% - 9 passes
==PROF== Profiling "unrolled_elementwise_kernel" - 7 (8/500): 0%....50%....100% - 9 passes
==PROF== Profiling "reduce_kernel" - 8 (9/500): 0%....50%....100% - 9 passes
==PROF== Profiling "elementwise_kernel_with_index" - 9 (10/500): 0%....50%....100% - 9 passes
==PROF== Profiling "elementwise_kernel_with_index" - 10 (11/500): 0%....50%....100% - 9 passes
==PROF== Profiling "elementwise_kernel_with_index" - 11 (12/500): 0%....50%....100% - 9 passes
==PROF== Profiling "vectorized_elementwise_kernel" - 12 (13/500): 0%....50%....100% - 9 passes
==PROF== Profiling "elementwise_kernel_with_index" - 13 (14/500): 0%....50%....100% - 9 passes
==PROF== Profiling "vectorized_elementwise_kernel" - 14 (15/500): 0%....50%....100% - 9 passes
==PROF== Profiling "vectorized_elementwise_kernel" - 15 (16/500): 0%....50%....100% - 9 passes
==PROF== Profiling "vectorized_elementwise_kernel" - 16 (17/500): 0%....50%....100% - 9 passes
==PROF== Profiling "elementwise_kernel" - 17 (18/500): 0%....50%....100% - 9 passes
==PROF== Profiling "elementwise_kernel" - 18 (19/500): 0%....50%....100% - 9 passes
==PROF== Profiling "index_elementwise_kernel" - 19 (20/500): 0%....50%....100% - 9 passes
==PROF== Profiling "elementwise_kernel" - 20 (21/500): 0%....50%....100% - 9 passes
==PROF== Profiling "vectorized_layer_norm_kernel" - 21 (22/500): 0%....50%....100% - 9 passes
==PROF== Profiling "turing_fp16_s1688gemm_fp16_12..." - 22 (23/500): 0%....50%....100% - 9 passes
==PROF== Profiling "turing_fp16_s1688gemm_fp16_12..." - 23 (24/500): 0%....50%....100% - 9 passes
==PROF== Profiling "turing_fp16_s1688gemm_fp16_12..." - 24 (25/500): 0%....50%....100% - 9 passes
==PROF== Profiling "vectorized_elementwise_kernel" - 25 (26/500): 0%....50%....100% - 9 passes
==PROF== Profiling "vectorized_elementwise_kernel" - 26 (27/500): 0%....50%....100% - 9 passes
==PROF== Profiling "elementwise_kernel" - 27 (28/500): 0%....50%....100% - 9 passes
==PROF== Profiling "fmha_cutlassF_f16_aligned_32x..." - 28 (29/500): 0%....50%....100% - 9 passes
==PROF== Profiling "turing_fp16_s1688gemm_fp16_12..." - 29 (30/500): 0%....50%....100% - 9 passes
==PROF== Profiling "vectorized_elementwise_kernel" - 30 (31/500): 0%....50%....100% - 9 passes
==PROF== Profiling "vectorized_layer_norm_kernel" - 31 (32/500): 0%....50%....100% - 9 passes
==PROF== Profiling "turing_fp16_s1688gemm_fp16_12..." - 32 (33/500): 0%....50%....100% - 9 passes
==PROF== Profiling "vectorized_elementwise_kernel" - 33 (34/500): 0%....50%....100% - 9 passes
==PROF== Profiling "turing_fp16_s1688gemm_fp16_25..." - 34 (35/500): 0%....50%....100% - 9 passes
==PROF== Profiling "vectorized_elementwise_kernel" - 35 (36/500): 0%....50%....100% - 9 passes
==PROF== Profiling "vectorized_layer_norm_kernel" - 36 (37/500): 0%....50%....100% - 9 passes
==PROF== Profiling "turing_fp16_s1688gemm_fp16_12..." - 37 (38/500): 0%....50%....100% - 9 passes
==PROF== Profiling "turing_fp16_s1688gemm_fp16_12..." - 38 (39/500): 0%....50%....100% - 9 passes
==PROF== Profiling "turing_fp16_s1688gemm_fp16_12..." - 39 (40/500): 0%....50%....100% - 9 passes
==PROF== Profiling "vectorized_elementwise_kernel" - 40 (41/500): 0%....50%....100% - 9 passes
==PROF== Profiling "vectorized_elementwise_kernel" - 41 (42/500): 0%....50%....100% - 9 passes
==PROF== Profiling "elementwise_kernel" - 42 (43/500): 0%....50%....100% - 9 passes
==PROF== Profiling "fmha_cutlassF_f16_aligned_32x..." - 43 (44/500): 0%....50%....100% - 9 passes
==PROF== Profiling "turing_fp16_s1688gemm_fp16_12..." - 44 (45/500): 0%....50%....100% - 9 passes
==PROF== Profiling "vectorized_elementwise_kernel" - 45 (46/500): 0%....50%....100% - 9 passes
==PROF== Profiling "vectorized_layer_norm_kernel" - 46 (47/500): 0%....50%....100% - 9 passes
==PROF== Profiling "turing_fp16_s1688gemm_fp16_12..." - 47 (48/500): 0%....50%....100% - 9 passes
==PROF== Profiling "vectorized_elementwise_kernel" - 48 (49/500): 0%....50%....100% - 9 passes
==PROF== Profiling "turing_fp16_s1688gemm_fp16_25..." - 49 (50/500): 0%....50%....100% - 9 passes
==PROF== Profiling "vectorized_elementwise_kernel" - 50 (51/500): 0%....50%....100% - 9 passes
==PROF== Profiling "vectorized_layer_norm_kernel" - 51 (52/500): 0%....50%....100% - 9 passes
==PROF== Profiling "turing_fp16_s1688gemm_fp16_12..." - 52 (53/500): 0%....50%....100% - 9 passes
==PROF== Profiling "turing_fp16_s1688gemm_fp16_12..." - 53 (54/500): 0%....50%....100% - 9 passes
==PROF== Profiling "turing_fp16_s1688gemm_fp16_12..." - 54 (55/500): 0%....50%....100% - 9 passes
==PROF== Profiling "vectorized_elementwise_kernel" - 55 (56/500): 0%....50%....100% - 9 passes
==PROF== Profiling "vectorized_elementwise_kernel" - 56 (57/500): 0%....50%....100% - 9 passes
==PROF== Profiling "elementwise_kernel" - 57 (58/500): 0%....50%....100% - 9 passes
==PROF== Profiling "fmha_cutlassF_f16_aligned_32x..." - 58 (59/500): 0%....50%....100% - 9 passes
==PROF== Profiling "turing_fp16_s1688gemm_fp16_12..." - 59 (60/500): 0%....50%....100% - 9 passes
==PROF== Profiling "vectorized_elementwise_kernel" - 60 (61/500): 0%....50%....100% - 9 passes
==PROF== Profiling "vectorized_layer_norm_kernel" - 61 (62/500): 0%....50%....100% - 9 passes
==PROF== Profiling "turing_fp16_s1688gemm_fp16_12..." - 62 (63/500): 0%....50%....100% - 9 passes
==PROF== Profiling "vectorized_elementwise_kernel" - 63 (64/500): 0%....50%....100% - 9 passes
==PROF== Profiling "turing_fp16_s1688gemm_fp16_25..." - 64 (65/500): 0%....50%....100% - 9 passes
==PROF== Profiling "vectorized_elementwise_kernel" - 65 (66/500): 0%....50%....100% - 9 passes
==PROF== Profiling "vectorized_layer_norm_kernel" - 66 (67/500): 0%....50%....100% - 9 passes
==PROF== Profiling "turing_fp16_s1688gemm_fp16_12..." - 67 (68/500): 0%....50%....100% - 9 passes
==PROF== Profiling "turing_fp16_s1688gemm_fp16_12..." - 68 (69/500): 0%....50%....100% - 9 passes
==PROF== Profiling "turing_fp16_s1688gemm_fp16_12..." - 69 (70/500): 0%....50%....100% - 9 passes
==PROF== Profiling "vectorized_elementwise_kernel" - 70 (71/500): 0%....50%....100% - 9 passes
==PROF== Profiling "vectorized_elementwise_kernel" - 71 (72/500): 0%....50%....100% - 9 passes
==PROF== Profiling "elementwise_kernel" - 72 (73/500): 0%....50%....100% - 9 passes
==PROF== Profiling "fmha_cutlassF_f16_aligned_32x..." - 73 (74/500): 0%....50%....100% - 9 passes
==PROF== Profiling "turing_fp16_s1688gemm_fp16_12..." - 74 (75/500): 0%....50%....100% - 9 passes
==PROF== Profiling "vectorized_elementwise_kernel" - 75 (76/500): 0%....50%....100% - 9 passes
==PROF== Profiling "vectorized_layer_norm_kernel" - 76 (77/500): 0%....50%....100% - 9 passes
==PROF== Profiling "turing_fp16_s1688gemm_fp16_12..." - 77 (78/500): 0%....50%....100% - 9 passes
==PROF== Profiling "vectorized_elementwise_kernel" - 78 (79/500): 0%....50%....100% - 9 passes
==PROF== Profiling "turing_fp16_s1688gemm_fp16_25..." - 79 (80/500): 0%....50%....100% - 9 passes
==PROF== Profiling "vectorized_elementwise_kernel" - 80 (81/500): 0%....50%....100% - 9 passes
==PROF== Profiling "vectorized_layer_norm_kernel" - 81 (82/500): 0%....50%....100% - 9 passes
==PROF== Profiling "turing_fp16_s1688gemm_fp16_12..." - 82 (83/500): 0%....50%....100% - 9 passes
==PROF== Profiling "turing_fp16_s1688gemm_fp16_12..." - 83 (84/500): 0%....50%....100% - 9 passes
==PROF== Profiling "turing_fp16_s1688gemm_fp16_12..." - 84 (85/500): 0%....50%....100% - 9 passes
==PROF== Profiling "vectorized_elementwise_kernel" - 85 (86/500): 0%....50%....100% - 9 passes
==PROF== Profiling "vectorized_elementwise_kernel" - 86 (87/500): 0%....50%....100% - 9 passes
==PROF== Profiling "elementwise_kernel" - 87 (88/500): 0%....50%....100% - 9 passes
==PROF== Profiling "fmha_cutlassF_f16_aligned_32x..." - 88 (89/500): 0%....50%....100% - 9 passes
==PROF== Profiling "turing_fp16_s1688gemm_fp16_12..." - 89 (90/500): 0%....50%....100% - 9 passes
==PROF== Profiling "vectorized_elementwise_kernel" - 90 (91/500): 0%....50%....100% - 9 passes
==PROF== Profiling "vectorized_layer_norm_kernel" - 91 (92/500): 0%....50%....100% - 9 passes
==PROF== Profiling "turing_fp16_s1688gemm_fp16_12..." - 92 (93/500): 0%....50%....100% - 9 passes
==PROF== Profiling "vectorized_elementwise_kernel" - 93 (94/500): 0%....50%....100% - 9 passes
==PROF== Profiling "turing_fp16_s1688gemm_fp16_25..." - 94 (95/500): 0%....50%....100% - 9 passes
==PROF== Profiling "vectorized_elementwise_kernel" - 95 (96/500): 0%....50%....100% - 9 passes
==PROF== Profiling "vectorized_layer_norm_kernel" - 96 (97/500): 0%....50%....100% - 9 passes
==PROF== Profiling "turing_fp16_s1688gemm_fp16_12..." - 97 (98/500): 0%....50%....100% - 9 passes
==PROF== Profiling "turing_fp16_s1688gemm_fp16_12..." - 98 (99/500): 0%....50%....100% - 9 passes
==PROF== Profiling "turing_fp16_s1688gemm_fp16_12..." - 99 (100/500): 0%....50%....100% - 9 passes
==PROF== Profiling "vectorized_elementwise_kernel" - 100 (101/500): 0%....50%....100% - 9 passes
==PROF== Profiling "vectorized_elementwise_kernel" - 101 (102/500): 0%....50%....100% - 9 passes
==PROF== Profiling "elementwise_kernel" - 102 (103/500): 0%....50%....100% - 9 passes
==PROF== Profiling "fmha_cutlassF_f16_aligned_32x..." - 103 (104/500): 0%....50%....100% - 9 passes
==PROF== Profiling "turing_fp16_s1688gemm_fp16_12..." - 104 (105/500): 0%....50%....100% - 9 passes
==PROF== Profiling "vectorized_elementwise_kernel" - 105 (106/500): 0%....50%....100% - 9 passes
==PROF== Profiling "vectorized_layer_norm_kernel" - 106 (107/500): 0%....50%....100% - 9 passes
==PROF== Profiling "turing_fp16_s1688gemm_fp16_12..." - 107 (108/500): 0%....50%....100% - 9 passes
==PROF== Profiling "vectorized_elementwise_kernel" - 108 (109/500): 0%....50%....100% - 9 passes
==PROF== Profiling "turing_fp16_s1688gemm_fp16_25..." - 109 (110/500): 0%....50%....100% - 9 passes
==PROF== Profiling "vectorized_elementwise_kernel" - 110 (111/500): 0%....50%....100% - 9 passes
==PROF== Profiling "vectorized_layer_norm_kernel" - 111 (112/500): 0%....50%....100% - 9 passes
==PROF== Profiling "turing_fp16_s1688gemm_fp16_12..." - 112 (113/500): 0%....50%....100% - 9 passes
==PROF== Profiling "turing_fp16_s1688gemm_fp16_12..." - 113 (114/500): 0%....50%....100% - 9 passes
==PROF== Profiling "turing_fp16_s1688gemm_fp16_12..." - 114 (115/500): 0%....50%....100% - 9 passes
==PROF== Profiling "vectorized_elementwise_kernel" - 115 (116/500): 0%....50%....100% - 9 passes
==PROF== Profiling "vectorized_elementwise_kernel" - 116 (117/500): 0%....50%....100% - 9 passes
==PROF== Profiling "elementwise_kernel" - 117 (118/500): 0%....50%....100% - 9 passes
==PROF== Profiling "fmha_cutlassF_f16_aligned_32x..." - 118 (119/500): 0%....50%....100% - 9 passes
==PROF== Profiling "turing_fp16_s1688gemm_fp16_12..." - 119 (120/500): 0%....50%....100% - 9 passes
==PROF== Profiling "vectorized_elementwise_kernel" - 120 (121/500): 0%....50%....100% - 9 passes
==PROF== Profiling "vectorized_layer_norm_kernel" - 121 (122/500): 0%....50%....100% - 9 passes
==PROF== Profiling "turing_fp16_s1688gemm_fp16_12..." - 122 (123/500): 0%....50%....100% - 9 passes
==PROF== Profiling "vectorized_elementwise_kernel" - 123 (124/500): 0%....50%....100% - 9 passes
==PROF== Profiling "turing_fp16_s1688gemm_fp16_25..." - 124 (125/500): 0%....50%....100% - 9 passes
==PROF== Profiling "vectorized_elementwise_kernel" - 125 (126/500): 0%....50%....100% - 9 passes
==PROF== Profiling "vectorized_layer_norm_kernel" - 126 (127/500): 0%....50%....100% - 9 passes
==PROF== Profiling "turing_fp16_s1688gemm_fp16_12..." - 127 (128/500): 0%....50%....100% - 9 passes
==PROF== Profiling "turing_fp16_s1688gemm_fp16_12..." - 128 (129/500): 0%....50%....100% - 9 passes
==PROF== Profiling "turing_fp16_s1688gemm_fp16_12..." - 129 (130/500): 0%....50%....100% - 9 passes
==PROF== Profiling "vectorized_elementwise_kernel" - 130 (131/500): 0%....50%....100% - 9 passes
==PROF== Profiling "vectorized_elementwise_kernel" - 131 (132/500): 0%....50%....100% - 9 passes
==PROF== Profiling "elementwise_kernel" - 132 (133/500): 0%....50%....100% - 9 passes
==PROF== Profiling "fmha_cutlassF_f16_aligned_32x..." - 133 (134/500): 0%....50%....100% - 9 passes
==PROF== Profiling "turing_fp16_s1688gemm_fp16_12..." - 134 (135/500): 0%....50%....100% - 9 passes
==PROF== Profiling "vectorized_elementwise_kernel" - 135 (136/500): 0%....50%....100% - 9 passes
==PROF== Profiling "vectorized_layer_norm_kernel" - 136 (137/500): 0%....50%....100% - 9 passes
==PROF== Profiling "turing_fp16_s1688gemm_fp16_12..." - 137 (138/500): 0%....50%....100% - 9 passes
==PROF== Profiling "vectorized_elementwise_kernel" - 138 (139/500): 0%....50%....100% - 9 passes
==PROF== Profiling "turing_fp16_s1688gemm_fp16_25..." - 139 (140/500): 0%....50%....100% - 9 passes
==PROF== Profiling "vectorized_elementwise_kernel" - 140 (141/500): 0%....50%....100% - 9 passes
==PROF== Profiling "vectorized_layer_norm_kernel" - 141 (142/500): 0%....50%....100% - 9 passes
==PROF== Profiling "turing_fp16_s1688gemm_fp16_12..." - 142 (143/500): 0%....50%....100% - 9 passes
==PROF== Profiling "turing_fp16_s1688gemm_fp16_12..." - 143 (144/500): 0%....50%....100% - 9 passes
==PROF== Profiling "turing_fp16_s1688gemm_fp16_12..." - 144 (145/500): 0%....50%....100% - 9 passes
==PROF== Profiling "vectorized_elementwise_kernel" - 145 (146/500): 0%....50%....100% - 9 passes
==PROF== Profiling "vectorized_elementwise_kernel" - 146 (147/500): 0%....50%....100% - 9 passes
==PROF== Profiling "elementwise_kernel" - 147 (148/500): 0%....50%....100% - 9 passes
==PROF== Profiling "fmha_cutlassF_f16_aligned_32x..." - 148 (149/500): 0%....50%....100% - 9 passes
==PROF== Profiling "turing_fp16_s1688gemm_fp16_12..." - 149 (150/500): 0%....50%....100% - 9 passes
==PROF== Profiling "vectorized_elementwise_kernel" - 150 (151/500): 0%....50%....100% - 9 passes
==PROF== Profiling "vectorized_layer_norm_kernel" - 151 (152/500): 0%....50%....100% - 9 passes
==PROF== Profiling "turing_fp16_s1688gemm_fp16_12..." - 152 (153/500): 0%....50%....100% - 9 passes
==PROF== Profiling "vectorized_elementwise_kernel" - 153 (154/500): 0%....50%....100% - 9 passes
==PROF== Profiling "turing_fp16_s1688gemm_fp16_25..." - 154 (155/500): 0%....50%....100% - 9 passes
==PROF== Profiling "vectorized_elementwise_kernel" - 155 (156/500): 0%....50%....100% - 9 passes
==PROF== Profiling "vectorized_layer_norm_kernel" - 156 (157/500): 0%....50%....100% - 9 passes
==PROF== Profiling "turing_fp16_s1688gemm_fp16_12..." - 157 (158/500): 0%....50%....100% - 9 passes
==PROF== Profiling "turing_fp16_s1688gemm_fp16_12..." - 158 (159/500): 0%....50%....100% - 9 passes
==PROF== Profiling "turing_fp16_s1688gemm_fp16_12..." - 159 (160/500): 0%....50%....100% - 9 passes
==PROF== Profiling "vectorized_elementwise_kernel" - 160 (161/500): 0%....50%....100% - 9 passes
==PROF== Profiling "vectorized_elementwise_kernel" - 161 (162/500): 0%....50%....100% - 9 passes
==PROF== Profiling "elementwise_kernel" - 162 (163/500): 0%....50%....100% - 9 passes
==PROF== Profiling "fmha_cutlassF_f16_aligned_32x..." - 163 (164/500): 0%....50%....100% - 9 passes
==PROF== Profiling "turing_fp16_s1688gemm_fp16_12..." - 164 (165/500): 0%....50%....100% - 9 passes
==PROF== Profiling "vectorized_elementwise_kernel" - 165 (166/500): 0%....50%....100% - 9 passes
==PROF== Profiling "vectorized_layer_norm_kernel" - 166 (167/500): 0%....50%....100% - 9 passes
==PROF== Profiling "turing_fp16_s1688gemm_fp16_12..." - 167 (168/500): 0%....50%....100% - 9 passes
==PROF== Profiling "vectorized_elementwise_kernel" - 168 (169/500): 0%....50%....100% - 9 passes
==PROF== Profiling "turing_fp16_s1688gemm_fp16_25..." - 169 (170/500): 0%....50%....100% - 9 passes
==PROF== Profiling "vectorized_elementwise_kernel" - 170 (171/500): 0%....50%....100% - 9 passes
==PROF== Profiling "vectorized_layer_norm_kernel" - 171 (172/500): 0%....50%....100% - 9 passes
==PROF== Profiling "turing_fp16_s1688gemm_fp16_12..." - 172 (173/500): 0%....50%....100% - 9 passes
==PROF== Profiling "turing_fp16_s1688gemm_fp16_12..." - 173 (174/500): 0%....50%....100% - 9 passes
==PROF== Profiling "turing_fp16_s1688gemm_fp16_12..." - 174 (175/500): 0%....50%....100% - 9 passes
==PROF== Profiling "vectorized_elementwise_kernel" - 175 (176/500): 0%....50%....100% - 9 passes
==PROF== Profiling "vectorized_elementwise_kernel" - 176 (177/500): 0%....50%....100% - 9 passes
==PROF== Profiling "elementwise_kernel" - 177 (178/500): 0%....50%....100% - 9 passes
==PROF== Profiling "fmha_cutlassF_f16_aligned_32x..." - 178 (179/500): 0%....50%....100% - 9 passes
==PROF== Profiling "turing_fp16_s1688gemm_fp16_12..." - 179 (180/500): 0%....50%....100% - 9 passes
==PROF== Profiling "vectorized_elementwise_kernel" - 180 (181/500): 0%....50%....100% - 9 passes
==PROF== Profiling "vectorized_layer_norm_kernel" - 181 (182/500): 0%....50%....100% - 9 passes
==PROF== Profiling "turing_fp16_s1688gemm_fp16_12..." - 182 (183/500): 0%....50%....100% - 9 passes
==PROF== Profiling "vectorized_elementwise_kernel" - 183 (184/500): 0%....50%....100% - 9 passes
==PROF== Profiling "turing_fp16_s1688gemm_fp16_25..." - 184 (185/500): 0%....50%....100% - 9 passes
==PROF== Profiling "vectorized_elementwise_kernel" - 185 (186/500): 0%....50%....100% - 9 passes
==PROF== Profiling "vectorized_layer_norm_kernel" - 186 (187/500): 0%....50%....100% - 9 passes
==PROF== Profiling "turing_fp16_s1688gemm_fp16_12..." - 187 (188/500): 0%....50%....100% - 9 passes
==PROF== Profiling "turing_fp16_s1688gemm_fp16_12..." - 188 (189/500): 0%....50%....100% - 9 passes
==PROF== Profiling "turing_fp16_s1688gemm_fp16_12..." - 189 (190/500): 0%....50%....100% - 9 passes
==PROF== Profiling "vectorized_elementwise_kernel" - 190 (191/500): 0%....50%....100% - 9 passes
==PROF== Profiling "vectorized_elementwise_kernel" - 191 (192/500): 0%....50%....100% - 9 passes
==PROF== Profiling "elementwise_kernel" - 192 (193/500): 0%....50%....100% - 9 passes
==PROF== Profiling "fmha_cutlassF_f16_aligned_32x..." - 193 (194/500): 0%....50%....100% - 9 passes
==PROF== Profiling "turing_fp16_s1688gemm_fp16_12..." - 194 (195/500): 0%....50%....100% - 9 passes
==PROF== Profiling "vectorized_elementwise_kernel" - 195 (196/500): 0%....50%....100% - 9 passes
==PROF== Profiling "vectorized_layer_norm_kernel" - 196 (197/500): 0%....50%....100% - 9 passes
==PROF== Profiling "turing_fp16_s1688gemm_fp16_12..." - 197 (198/500): 0%....50%....100% - 9 passes
==PROF== Profiling "vectorized_elementwise_kernel" - 198 (199/500): 0%....50%....100% - 9 passes
==PROF== Profiling "turing_fp16_s1688gemm_fp16_25..." - 199 (200/500): 0%....50%....100% - 9 passes
==PROF== Profiling "vectorized_elementwise_kernel" - 200 (201/500): 0%....50%....100% - 9 passes
==PROF== Profiling "vectorized_layer_norm_kernel" - 201 (202/500): 0%....50%....100% - 9 passes
==PROF== Profiling "turing_fp16_s1688gemm_fp16_12..." - 202 (203/500): 0%....50%....100% - 9 passes
==PROF== Profiling "turing_fp16_s1688gemm_fp16_12..." - 203 (204/500): 0%....50%....100% - 9 passes
==PROF== Profiling "turing_fp16_s1688gemm_fp16_12..." - 204 (205/500): 0%....50%....100% - 9 passes
==PROF== Profiling "vectorized_elementwise_kernel" - 205 (206/500): 0%....50%....100% - 9 passes
==PROF== Profiling "vectorized_elementwise_kernel" - 206 (207/500): 0%....50%....100% - 9 passes
==PROF== Profiling "elementwise_kernel" - 207 (208/500): 0%....50%....100% - 9 passes
==PROF== Profiling "fmha_cutlassF_f16_aligned_32x..." - 208 (209/500): 0%....50%....100% - 9 passes
==PROF== Profiling "turing_fp16_s1688gemm_fp16_12..." - 209 (210/500): 0%....50%....100% - 9 passes
==PROF== Profiling "vectorized_elementwise_kernel" - 210 (211/500): 0%....50%....100% - 9 passes
==PROF== Profiling "vectorized_layer_norm_kernel" - 211 (212/500): 0%....50%....100% - 9 passes
==PROF== Profiling "turing_fp16_s1688gemm_fp16_12..." - 212 (213/500): 0%....50%....100% - 9 passes
==PROF== Profiling "vectorized_elementwise_kernel" - 213 (214/500): 0%....50%....100% - 9 passes
==PROF== Profiling "turing_fp16_s1688gemm_fp16_25..." - 214 (215/500): 0%....50%....100% - 9 passes
==PROF== Profiling "vectorized_elementwise_kernel" - 215 (216/500): 0%....50%....100% - 9 passes
==PROF== Profiling "vectorized_layer_norm_kernel" - 216 (217/500): 0%....50%....100% - 9 passes
==PROF== Profiling "turing_fp16_s1688gemm_fp16_12..." - 217 (218/500): 0%....50%....100% - 9 passes
==PROF== Profiling "turing_fp16_s1688gemm_fp16_12..." - 218 (219/500): 0%....50%....100% - 9 passes
==PROF== Profiling "turing_fp16_s1688gemm_fp16_12..." - 219 (220/500): 0%....50%....100% - 9 passes
==PROF== Profiling "vectorized_elementwise_kernel" - 220 (221/500): 0%....50%....100% - 9 passes
==PROF== Profiling "vectorized_elementwise_kernel" - 221 (222/500): 0%....50%....100% - 9 passes
==PROF== Profiling "elementwise_kernel" - 222 (223/500): 0%....50%....100% - 9 passes
==PROF== Profiling "fmha_cutlassF_f16_aligned_32x..." - 223 (224/500): 0%....50%....100% - 9 passes
==PROF== Profiling "turing_fp16_s1688gemm_fp16_12..." - 224 (225/500): 0%....50%....100% - 9 passes
==PROF== Profiling "vectorized_elementwise_kernel" - 225 (226/500): 0%....50%....100% - 9 passes
==PROF== Profiling "vectorized_layer_norm_kernel" - 226 (227/500): 0%....50%....100% - 9 passes
==PROF== Profiling "turing_fp16_s1688gemm_fp16_12..." - 227 (228/500): 0%....50%....100% - 9 passes
==PROF== Profiling "vectorized_elementwise_kernel" - 228 (229/500): 0%....50%....100% - 9 passes
==PROF== Profiling "turing_fp16_s1688gemm_fp16_25..." - 229 (230/500): 0%....50%....100% - 9 passes
==PROF== Profiling "vectorized_elementwise_kernel" - 230 (231/500): 0%....50%....100% - 9 passes
==PROF== Profiling "vectorized_layer_norm_kernel" - 231 (232/500): 0%....50%....100% - 9 passes
==PROF== Profiling "turing_fp16_s1688gemm_fp16_12..." - 232 (233/500): 0%....50%....100% - 9 passes
==PROF== Profiling "turing_fp16_s1688gemm_fp16_12..." - 233 (234/500): 0%....50%....100% - 9 passes
==PROF== Profiling "turing_fp16_s1688gemm_fp16_12..." - 234 (235/500): 0%....50%....100% - 9 passes
==PROF== Profiling "vectorized_elementwise_kernel" - 235 (236/500): 0%....50%....100% - 9 passes
==PROF== Profiling "vectorized_elementwise_kernel" - 236 (237/500): 0%....50%....100% - 9 passes
==PROF== Profiling "elementwise_kernel" - 237 (238/500): 0%....50%....100% - 9 passes
==PROF== Profiling "fmha_cutlassF_f16_aligned_32x..." - 238 (239/500): 0%....50%....100% - 9 passes
==PROF== Profiling "turing_fp16_s1688gemm_fp16_12..." - 239 (240/500): 0%....50%....100% - 9 passes
==PROF== Profiling "vectorized_elementwise_kernel" - 240 (241/500): 0%....50%....100% - 9 passes
==PROF== Profiling "vectorized_layer_norm_kernel" - 241 (242/500): 0%....50%....100% - 9 passes
==PROF== Profiling "turing_fp16_s1688gemm_fp16_12..." - 242 (243/500): 0%....50%....100% - 9 passes
==PROF== Profiling "vectorized_elementwise_kernel" - 243 (244/500): 0%....50%....100% - 9 passes
==PROF== Profiling "turing_fp16_s1688gemm_fp16_25..." - 244 (245/500): 0%....50%....100% - 9 passes
==PROF== Profiling "vectorized_elementwise_kernel" - 245 (246/500): 0%....50%....100% - 9 passes
==PROF== Profiling "vectorized_layer_norm_kernel" - 246 (247/500): 0%....50%....100% - 9 passes
==PROF== Profiling "turing_fp16_s1688gemm_fp16_12..." - 247 (248/500): 0%....50%....100% - 9 passes
==PROF== Profiling "turing_fp16_s1688gemm_fp16_12..." - 248 (249/500): 0%....50%....100% - 9 passes
==PROF== Profiling "turing_fp16_s1688gemm_fp16_12..." - 249 (250/500): 0%....50%....100% - 9 passes
==PROF== Profiling "vectorized_elementwise_kernel" - 250 (251/500): 0%....50%....100% - 9 passes
==PROF== Profiling "vectorized_elementwise_kernel" - 251 (252/500): 0%....50%....100% - 9 passes
==PROF== Profiling "elementwise_kernel" - 252 (253/500): 0%....50%....100% - 9 passes
==PROF== Profiling "fmha_cutlassF_f16_aligned_32x..." - 253 (254/500): 0%....50%....100% - 9 passes
==PROF== Profiling "turing_fp16_s1688gemm_fp16_12..." - 254 (255/500): 0%....50%....100% - 9 passes
==PROF== Profiling "vectorized_elementwise_kernel" - 255 (256/500): 0%....50%....100% - 9 passes
==PROF== Profiling "vectorized_layer_norm_kernel" - 256 (257/500): 0%....50%....100% - 9 passes
==PROF== Profiling "turing_fp16_s1688gemm_fp16_12..." - 257 (258/500): 0%....50%....100% - 9 passes
==PROF== Profiling "vectorized_elementwise_kernel" - 258 (259/500): 0%....50%....100% - 9 passes
==PROF== Profiling "turing_fp16_s1688gemm_fp16_25..." - 259 (260/500): 0%....50%....100% - 9 passes
==PROF== Profiling "vectorized_elementwise_kernel" - 260 (261/500): 0%....50%....100% - 9 passes
==PROF== Profiling "vectorized_layer_norm_kernel" - 261 (262/500): 0%....50%....100% - 9 passes
==PROF== Profiling "turing_fp16_s1688gemm_fp16_12..." - 262 (263/500): 0%....50%....100% - 9 passes
==PROF== Profiling "turing_fp16_s1688gemm_fp16_12..." - 263 (264/500): 0%....50%....100% - 9 passes
==PROF== Profiling "turing_fp16_s1688gemm_fp16_12..." - 264 (265/500): 0%....50%....100% - 9 passes
==PROF== Profiling "vectorized_elementwise_kernel" - 265 (266/500): 0%....50%....100% - 9 passes
==PROF== Profiling "vectorized_elementwise_kernel" - 266 (267/500): 0%....50%....100% - 9 passes
==PROF== Profiling "elementwise_kernel" - 267 (268/500): 0%....50%....100% - 9 passes
==PROF== Profiling "fmha_cutlassF_f16_aligned_32x..." - 268 (269/500): 0%....50%....100% - 9 passes
==PROF== Profiling "turing_fp16_s1688gemm_fp16_12..." - 269 (270/500): 0%....50%....100% - 9 passes
==PROF== Profiling "vectorized_elementwise_kernel" - 270 (271/500): 0%....50%....100% - 9 passes
==PROF== Profiling "vectorized_layer_norm_kernel" - 271 (272/500): 0%....50%....100% - 9 passes
==PROF== Profiling "turing_fp16_s1688gemm_fp16_12..." - 272 (273/500): 0%....50%....100% - 9 passes
==PROF== Profiling "vectorized_elementwise_kernel" - 273 (274/500): 0%....50%....100% - 9 passes
==PROF== Profiling "turing_fp16_s1688gemm_fp16_25..." - 274 (275/500): 0%....50%....100% - 9 passes
==PROF== Profiling "vectorized_elementwise_kernel" - 275 (276/500): 0%....50%....100% - 9 passes
==PROF== Profiling "vectorized_layer_norm_kernel" - 276 (277/500): 0%....50%....100% - 9 passes
==PROF== Profiling "turing_fp16_s1688gemm_fp16_12..." - 277 (278/500): 0%....50%....100% - 9 passes
==PROF== Profiling "turing_fp16_s1688gemm_fp16_12..." - 278 (279/500): 0%....50%....100% - 9 passes
==PROF== Profiling "turing_fp16_s1688gemm_fp16_12..." - 279 (280/500): 0%....50%....100% - 9 passes
==PROF== Profiling "vectorized_elementwise_kernel" - 280 (281/500): 0%....50%....100% - 9 passes
==PROF== Profiling "vectorized_elementwise_kernel" - 281 (282/500): 0%....50%....100% - 9 passes
==PROF== Profiling "elementwise_kernel" - 282 (283/500): 0%....50%....100% - 9 passes
==PROF== Profiling "fmha_cutlassF_f16_aligned_32x..." - 283 (284/500): 0%....50%....100% - 9 passes
==PROF== Profiling "turing_fp16_s1688gemm_fp16_12..." - 284 (285/500): 0%....50%....100% - 9 passes
==PROF== Profiling "vectorized_elementwise_kernel" - 285 (286/500): 0%....50%....100% - 9 passes
==PROF== Profiling "vectorized_layer_norm_kernel" - 286 (287/500): 0%....50%....100% - 9 passes
==PROF== Profiling "turing_fp16_s1688gemm_fp16_12..." - 287 (288/500): 0%....50%....100% - 9 passes
==PROF== Profiling "vectorized_elementwise_kernel" - 288 (289/500): 0%....50%....100% - 9 passes
==PROF== Profiling "turing_fp16_s1688gemm_fp16_25..." - 289 (290/500): 0%....50%....100% - 9 passes
==PROF== Profiling "vectorized_elementwise_kernel" - 290 (291/500): 0%....50%....100% - 9 passes
==PROF== Profiling "vectorized_layer_norm_kernel" - 291 (292/500): 0%....50%....100% - 9 passes
==PROF== Profiling "turing_fp16_s1688gemm_fp16_12..." - 292 (293/500): 0%....50%....100% - 9 passes
==PROF== Profiling "turing_fp16_s1688gemm_fp16_12..." - 293 (294/500): 0%....50%....100% - 9 passes
==PROF== Profiling "turing_fp16_s1688gemm_fp16_12..." - 294 (295/500): 0%....50%....100% - 9 passes
==PROF== Profiling "vectorized_elementwise_kernel" - 295 (296/500): 0%....50%....100% - 9 passes
==PROF== Profiling "vectorized_elementwise_kernel" - 296 (297/500): 0%....50%....100% - 9 passes
==PROF== Profiling "elementwise_kernel" - 297 (298/500): 0%....50%....100% - 9 passes
==PROF== Profiling "fmha_cutlassF_f16_aligned_32x..." - 298 (299/500): 0%....50%....100% - 9 passes
==PROF== Profiling "turing_fp16_s1688gemm_fp16_12..." - 299 (300/500): 0%....50%....100% - 9 passes
==PROF== Profiling "vectorized_elementwise_kernel" - 300 (301/500): 0%....50%....100% - 9 passes
==PROF== Profiling "vectorized_layer_norm_kernel" - 301 (302/500): 0%....50%....100% - 9 passes
==PROF== Profiling "turing_fp16_s1688gemm_fp16_12..." - 302 (303/500): 0%....50%....100% - 9 passes
==PROF== Profiling "vectorized_elementwise_kernel" - 303 (304/500): 0%....50%....100% - 9 passes
==PROF== Profiling "turing_fp16_s1688gemm_fp16_25..." - 304 (305/500): 0%....50%....100% - 9 passes
==PROF== Profiling "vectorized_elementwise_kernel" - 305 (306/500): 0%....50%....100% - 9 passes
==PROF== Profiling "vectorized_layer_norm_kernel" - 306 (307/500): 0%....50%....100% - 9 passes
==PROF== Profiling "turing_fp16_s1688gemm_fp16_12..." - 307 (308/500): 0%....50%....100% - 9 passes
==PROF== Profiling "turing_fp16_s1688gemm_fp16_12..." - 308 (309/500): 0%....50%....100% - 9 passes
==PROF== Profiling "turing_fp16_s1688gemm_fp16_12..." - 309 (310/500): 0%....50%....100% - 9 passes
==PROF== Profiling "vectorized_elementwise_kernel" - 310 (311/500): 0%....50%....100% - 9 passes
==PROF== Profiling "vectorized_elementwise_kernel" - 311 (312/500): 0%....50%....100% - 9 passes
==PROF== Profiling "elementwise_kernel" - 312 (313/500): 0%....50%....100% - 9 passes
==PROF== Profiling "fmha_cutlassF_f16_aligned_32x..." - 313 (314/500): 0%....50%....100% - 9 passes
==PROF== Profiling "turing_fp16_s1688gemm_fp16_12..." - 314 (315/500): 0%....50%....100% - 9 passes
==PROF== Profiling "vectorized_elementwise_kernel" - 315 (316/500): 0%....50%....100% - 9 passes
==PROF== Profiling "vectorized_layer_norm_kernel" - 316 (317/500): 0%....50%....100% - 9 passes
==PROF== Profiling "turing_fp16_s1688gemm_fp16_12..." - 317 (318/500): 0%....50%....100% - 9 passes
==PROF== Profiling "vectorized_elementwise_kernel" - 318 (319/500): 0%....50%....100% - 9 passes
==PROF== Profiling "turing_fp16_s1688gemm_fp16_25..." - 319 (320/500): 0%....50%....100% - 9 passes
==PROF== Profiling "vectorized_elementwise_kernel" - 320 (321/500): 0%....50%....100% - 9 passes
==PROF== Profiling "vectorized_layer_norm_kernel" - 321 (322/500): 0%....50%....100% - 9 passes
==PROF== Profiling "turing_fp16_s1688gemm_fp16_12..." - 322 (323/500): 0%....50%....100% - 9 passes
==PROF== Profiling "turing_fp16_s1688gemm_fp16_12..." - 323 (324/500): 0%....50%....100% - 9 passes
==PROF== Profiling "turing_fp16_s1688gemm_fp16_12..." - 324 (325/500): 0%....50%....100% - 9 passes
==PROF== Profiling "vectorized_elementwise_kernel" - 325 (326/500): 0%....50%....100% - 9 passes
==PROF== Profiling "vectorized_elementwise_kernel" - 326 (327/500): 0%....50%....100% - 9 passes
==PROF== Profiling "elementwise_kernel" - 327 (328/500): 0%....50%....100% - 9 passes
==PROF== Profiling "fmha_cutlassF_f16_aligned_32x..." - 328 (329/500): 0%....50%....100% - 9 passes
==PROF== Profiling "turing_fp16_s1688gemm_fp16_12..." - 329 (330/500): 0%....50%....100% - 9 passes
==PROF== Profiling "vectorized_elementwise_kernel" - 330 (331/500): 0%....50%....100% - 9 passes
==PROF== Profiling "vectorized_layer_norm_kernel" - 331 (332/500): 0%....50%....100% - 9 passes
==PROF== Profiling "turing_fp16_s1688gemm_fp16_12..." - 332 (333/500): 0%....50%....100% - 9 passes
==PROF== Profiling "vectorized_elementwise_kernel" - 333 (334/500): 0%....50%....100% - 9 passes
==PROF== Profiling "turing_fp16_s1688gemm_fp16_25..." - 334 (335/500): 0%....50%....100% - 9 passes
==PROF== Profiling "vectorized_elementwise_kernel" - 335 (336/500): 0%....50%....100% - 9 passes
==PROF== Profiling "vectorized_layer_norm_kernel" - 336 (337/500): 0%....50%....100% - 9 passes
==PROF== Profiling "turing_fp16_s1688gemm_fp16_12..." - 337 (338/500): 0%....50%....100% - 9 passes
==PROF== Profiling "turing_fp16_s1688gemm_fp16_12..." - 338 (339/500): 0%....50%....100% - 9 passes
==PROF== Profiling "turing_fp16_s1688gemm_fp16_12..." - 339 (340/500): 0%....50%....100% - 9 passes
==PROF== Profiling "vectorized_elementwise_kernel" - 340 (341/500): 0%....50%....100% - 9 passes
==PROF== Profiling "vectorized_elementwise_kernel" - 341 (342/500): 0%....50%....100% - 9 passes
==PROF== Profiling "elementwise_kernel" - 342 (343/500): 0%....50%....100% - 9 passes
==PROF== Profiling "fmha_cutlassF_f16_aligned_32x..." - 343 (344/500): 0%....50%....100% - 9 passes
==PROF== Profiling "turing_fp16_s1688gemm_fp16_12..." - 344 (345/500): 0%....50%....100% - 9 passes
==PROF== Profiling "vectorized_elementwise_kernel" - 345 (346/500): 0%....50%....100% - 9 passes
==PROF== Profiling "vectorized_layer_norm_kernel" - 346 (347/500): 0%....50%....100% - 9 passes
==PROF== Profiling "turing_fp16_s1688gemm_fp16_12..." - 347 (348/500): 0%....50%....100% - 9 passes
==PROF== Profiling "vectorized_elementwise_kernel" - 348 (349/500): 0%....50%....100% - 9 passes
==PROF== Profiling "turing_fp16_s1688gemm_fp16_25..." - 349 (350/500): 0%....50%....100% - 9 passes
==PROF== Profiling "vectorized_elementwise_kernel" - 350 (351/500): 0%....50%....100% - 9 passes
==PROF== Profiling "vectorized_layer_norm_kernel" - 351 (352/500): 0%....50%....100% - 9 passes
==PROF== Profiling "turing_fp16_s1688gemm_fp16_12..." - 352 (353/500): 0%....50%....100% - 9 passes
==PROF== Profiling "turing_fp16_s1688gemm_fp16_12..." - 353 (354/500): 0%....50%....100% - 9 passes
==PROF== Profiling "turing_fp16_s1688gemm_fp16_12..." - 354 (355/500): 0%....50%....100% - 9 passes
==PROF== Profiling "vectorized_elementwise_kernel" - 355 (356/500): 0%....50%....100% - 9 passes
==PROF== Profiling "vectorized_elementwise_kernel" - 356 (357/500): 0%....50%....100% - 9 passes
==PROF== Profiling "elementwise_kernel" - 357 (358/500): 0%....50%....100% - 9 passes
==PROF== Profiling "fmha_cutlassF_f16_aligned_32x..." - 358 (359/500): 0%....50%....100% - 9 passes
==PROF== Profiling "turing_fp16_s1688gemm_fp16_12..." - 359 (360/500): 0%....50%....100% - 9 passes
==PROF== Profiling "vectorized_elementwise_kernel" - 360 (361/500): 0%....50%....100% - 9 passes
==PROF== Profiling "vectorized_layer_norm_kernel" - 361 (362/500): 0%....50%....100% - 9 passes
==PROF== Profiling "turing_fp16_s1688gemm_fp16_12..." - 362 (363/500): 0%....50%....100% - 9 passes
==PROF== Profiling "vectorized_elementwise_kernel" - 363 (364/500): 0%....50%....100% - 9 passes
==PROF== Profiling "turing_fp16_s1688gemm_fp16_25..." - 364 (365/500): 0%....50%....100% - 9 passes
==PROF== Profiling "vectorized_elementwise_kernel" - 365 (366/500): 0%....50%....100% - 9 passes
==PROF== Profiling "vectorized_layer_norm_kernel" - 366 (367/500): 0%....50%....100% - 9 passes
==PROF== Profiling "turing_fp16_s1688gemm_fp16_12..." - 367 (368/500): 0%....50%....100% - 9 passes
==PROF== Profiling "turing_fp16_s1688gemm_fp16_12..." - 368 (369/500): 0%....50%....100% - 9 passes
==PROF== Profiling "turing_fp16_s1688gemm_fp16_12..." - 369 (370/500): 0%....50%....100% - 9 passes
==PROF== Profiling "vectorized_elementwise_kernel" - 370 (371/500): 0%....50%....100% - 9 passes
==PROF== Profiling "vectorized_elementwise_kernel" - 371 (372/500): 0%....50%....100% - 9 passes
==PROF== Profiling "elementwise_kernel" - 372 (373/500): 0%....50%....100% - 9 passes
==PROF== Profiling "fmha_cutlassF_f16_aligned_32x..." - 373 (374/500): 0%....50%....100% - 9 passes
==PROF== Profiling "turing_fp16_s1688gemm_fp16_12..." - 374 (375/500): 0%....50%....100% - 9 passes
==PROF== Profiling "vectorized_elementwise_kernel" - 375 (376/500): 0%....50%....100% - 9 passes
==PROF== Profiling "vectorized_layer_norm_kernel" - 376 (377/500): 0%....50%....100% - 9 passes
==PROF== Profiling "turing_fp16_s1688gemm_fp16_12..." - 377 (378/500): 0%....50%....100% - 9 passes
==PROF== Profiling "vectorized_elementwise_kernel" - 378 (379/500): 0%....50%....100% - 9 passes
==PROF== Profiling "turing_fp16_s1688gemm_fp16_25..." - 379 (380/500): 0%....50%....100% - 9 passes
==PROF== Profiling "vectorized_elementwise_kernel" - 380 (381/500): 0%....50%....100% - 9 passes
==PROF== Profiling "vectorized_layer_norm_kernel" - 381 (382/500): 0%....50%....100% - 9 passes
==PROF== Profiling "turing_fp16_s1688gemm_fp16_12..." - 382 (383/500): 0%....50%....100% - 9 passes
==PROF== Profiling "turing_fp16_s1688gemm_fp16_12..." - 383 (384/500): 0%....50%....100% - 9 passes
==PROF== Profiling "turing_fp16_s1688gemm_fp16_12..." - 384 (385/500): 0%....50%....100% - 9 passes
==PROF== Profiling "vectorized_elementwise_kernel" - 385 (386/500): 0%....50%....100% - 9 passes
==PROF== Profiling "vectorized_elementwise_kernel" - 386 (387/500): 0%....50%....100% - 9 passes
==PROF== Profiling "elementwise_kernel" - 387 (388/500): 0%....50%....100% - 9 passes
==PROF== Profiling "fmha_cutlassF_f16_aligned_32x..." - 388 (389/500): 0%....50%....100% - 9 passes
==PROF== Profiling "turing_fp16_s1688gemm_fp16_12..." - 389 (390/500): 0%....50%....100% - 9 passes
==PROF== Profiling "vectorized_elementwise_kernel" - 390 (391/500): 0%....50%....100% - 9 passes
==PROF== Profiling "vectorized_layer_norm_kernel" - 391 (392/500): 0%....50%....100% - 9 passes
==PROF== Profiling "turing_fp16_s1688gemm_fp16_12..." - 392 (393/500): 0%....50%....100% - 9 passes
==PROF== Profiling "vectorized_elementwise_kernel" - 393 (394/500): 0%....50%....100% - 9 passes
==PROF== Profiling "turing_fp16_s1688gemm_fp16_25..." - 394 (395/500): 0%....50%....100% - 9 passes
==PROF== Profiling "vectorized_elementwise_kernel" - 395 (396/500): 0%....50%....100% - 9 passes
==PROF== Profiling "vectorized_layer_norm_kernel" - 396 (397/500): 0%....50%....100% - 9 passes
==PROF== Profiling "turing_fp16_s1688gemm_fp16_12..." - 397 (398/500): 0%....50%....100% - 9 passes
==PROF== Profiling "turing_fp16_s1688gemm_fp16_12..." - 398 (399/500): 0%....50%....100% - 9 passes
==PROF== Profiling "turing_fp16_s1688gemm_fp16_12..." - 399 (400/500): 0%....50%....100% - 9 passes
==PROF== Profiling "vectorized_elementwise_kernel" - 400 (401/500): 0%....50%....100% - 9 passes
==PROF== Profiling "vectorized_elementwise_kernel" - 401 (402/500): 0%....50%....100% - 9 passes
==PROF== Profiling "elementwise_kernel" - 402 (403/500): 0%....50%....100% - 9 passes
==PROF== Profiling "fmha_cutlassF_f16_aligned_32x..." - 403 (404/500): 0%....50%....100% - 9 passes
==PROF== Profiling "turing_fp16_s1688gemm_fp16_12..." - 404 (405/500): 0%....50%....100% - 9 passes
==PROF== Profiling "vectorized_elementwise_kernel" - 405 (406/500): 0%....50%....100% - 9 passes
==PROF== Profiling "vectorized_layer_norm_kernel" - 406 (407/500): 0%....50%....100% - 9 passes
==PROF== Profiling "turing_fp16_s1688gemm_fp16_12..." - 407 (408/500): 0%....50%....100% - 9 passes
==PROF== Profiling "vectorized_elementwise_kernel" - 408 (409/500): 0%....50%....100% - 9 passes
==PROF== Profiling "turing_fp16_s1688gemm_fp16_25..." - 409 (410/500): 0%....50%....100% - 9 passes
==PROF== Profiling "vectorized_elementwise_kernel" - 410 (411/500): 0%....50%....100% - 9 passes
==PROF== Profiling "vectorized_layer_norm_kernel" - 411 (412/500): 0%....50%....100% - 9 passes
==PROF== Profiling "turing_fp16_s1688gemm_fp16_12..." - 412 (413/500): 0%....50%....100% - 9 passes
==PROF== Profiling "turing_fp16_s1688gemm_fp16_12..." - 413 (414/500): 0%....50%....100% - 9 passes
==PROF== Profiling "turing_fp16_s1688gemm_fp16_12..." - 414 (415/500): 0%....50%....100% - 9 passes
==PROF== Profiling "vectorized_elementwise_kernel" - 415 (416/500): 0%....50%....100% - 9 passes
==PROF== Profiling "vectorized_elementwise_kernel" - 416 (417/500): 0%....50%....100% - 9 passes
==PROF== Profiling "elementwise_kernel" - 417 (418/500): 0%....50%....100% - 9 passes
==PROF== Profiling "fmha_cutlassF_f16_aligned_32x..." - 418 (419/500): 0%....50%....100% - 9 passes
==PROF== Profiling "turing_fp16_s1688gemm_fp16_12..." - 419 (420/500): 0%....50%....100% - 9 passes
==PROF== Profiling "vectorized_elementwise_kernel" - 420 (421/500): 0%....50%....100% - 9 passes
==PROF== Profiling "vectorized_layer_norm_kernel" - 421 (422/500): 0%....50%....100% - 9 passes
==PROF== Profiling "turing_fp16_s1688gemm_fp16_12..." - 422 (423/500): 0%....50%....100% - 9 passes
==PROF== Profiling "vectorized_elementwise_kernel" - 423 (424/500): 0%....50%....100% - 9 passes
==PROF== Profiling "turing_fp16_s1688gemm_fp16_25..." - 424 (425/500): 0%....50%....100% - 9 passes
==PROF== Profiling "vectorized_elementwise_kernel" - 425 (426/500): 0%....50%....100% - 9 passes
==PROF== Profiling "vectorized_layer_norm_kernel" - 426 (427/500): 0%....50%....100% - 9 passes
==PROF== Profiling "elementwise_kernel" - 427 (428/500): 0%....50%....100% - 9 passes
==PROF== Profiling "elementwise_kernel" - 428 (429/500): 0%....50%....100% - 9 passes
==PROF== Profiling "turing_fp16_s1688gemm_fp16_12..." - 429 (430/500): 0%....50%....100% - 9 passes
==PROF== Profiling "elementwise_kernel" - 430 (431/500): 0%....50%....100% - 9 passes
==PROF== Profiling "vectorized_elementwise_kernel" - 431 (432/500): 0%....50%....100% - 9 passes
==PROF== Profiling "turing_fp16_s1688gemm_fp16_12..." - 432 (433/500): 0%....50%....100% - 9 passes
[run_once] done
==PROF== Disconnected from process 65209
==PROF== Report: /content/PAA_Project/profiling/reports/20261007-155709_T4_ncu_vision_img_small/ncu_vision.ncu-rep
[ncu] -> /content/PAA_Project/profiling/reports/20261007-155709_T4_ncu_vision_img_small
total 74740
drwxr-xr-x 2 root root     4096 Oct  7 16:11 .
drwxr-xr-x 9 root root     4096 Oct  7 15:57 ..
-rw-r--r-- 1 root root   163066 Oct  7 16:11 ncu_vision_metrics.csv
-rw-r--r-- 1 root root 76355531 Oct  7 16:11 ncu_vision.ncu-rep
[suite 16:11:54] END   ncu rc=0 (886 s)
[suite 16:11:54] START ncu: env NCU_SET=basic LAUNCHES=500 bash profiling/ncu/profile_ncu.sh prefill img_small --variant baseline
==PROF== Connected to process 72830 (/usr/bin/python3.13)
==PROF== Profiling "unrolled_elementwise_kernel" - 0 (1/500): 0%....50%....100% - 9 passes
==PROF== Profiling "elementwise_kernel" - 1 (2/500): 0%....50%....100% - 9 passes
==PROF== Profiling "CatArrayBatchedCopy_vectorized" - 2 (3/500): 0%....50%....100% - 9 passes
==PROF== Profiling "vectorized_elementwise_kernel" - 3 (4/500): 0%....50%....100% - 9 passes
==PROF== Profiling "vectorized_elementwise_kernel" - 4 (5/500): 0%....50%....100% - 9 passes
==PROF== Profiling "vectorized_elementwise_kernel" - 5 (6/500): 0%....50%....100% - 9 passes
==PROF== Profiling "vectorized_elementwise_kernel" - 6 (7/500): 0%....50%....100% - 9 passes
==PROF== Profiling "vectorized_elementwise_kernel" - 7 (8/500): 0%....50%....100% - 9 passes
==PROF== Profiling "vectorized_elementwise_kernel" - 8 (9/500): 0%....50%....100% - 9 passes
==PROF== Profiling "unrolled_elementwise_kernel" - 9 (10/500): 0%....50%....100% - 9 passes
==PROF== Profiling "vectorized_elementwise_kernel" - 10 (11/500): 0%....50%....100% - 9 passes
==PROF== Profiling "reduce_kernel" - 11 (12/500): 0%....50%....100% - 9 passes
==PROF== Profiling "vectorized_elementwise_kernel" - 12 (13/500): 0%....50%....100% - 9 passes
==PROF== Profiling "vectorized_elementwise_kernel" - 13 (14/500): 0%....50%....100% - 9 passes
==PROF== Profiling "elementwise_kernel" - 14 (15/500): 0%....50%....100% - 9 passes
==PROF== Profiling "vectorized_elementwise_kernel" - 15 (16/500): 0%....50%....100% - 9 passes
==PROF== Profiling "elementwise_kernel" - 16 (17/500): 0%....50%....100% - 9 passes
==PROF== Profiling "turing_fp16_s1688gemm_fp16_25..." - 17 (18/500): 0%....50%....100% - 9 passes
==PROF== Profiling "elementwise_kernel" - 18 (19/500): 0%....50%....100% - 9 passes
==PROF== Profiling "vectorized_elementwise_kernel" - 19 (20/500): 0%....50%....100% - 9 passes
==PROF== Profiling "elementwise_kernel" - 20 (21/500): 0%....50%....100% - 9 passes
==PROF== Profiling "elementwise_kernel" - 21 (22/500): 0%....50%....100% - 9 passes
==PROF== Profiling "conv1D_NCHW_general" - 22 (23/500): 0%....50%....100% - 9 passes
==PROF== Profiling "elementwise_kernel" - 23 (24/500): 0%....50%....100% - 9 passes
==PROF== Profiling "turing_fp16_s1688gemm_fp16_12..." - 24 (25/500): 0%....50%....100% - 9 passes
==PROF== Profiling "vectorized_elementwise_kernel" - 25 (26/500): 0%....50%....100% - 9 passes
==PROF== Profiling "unrolled_elementwise_kernel" - 26 (27/500): 0%....50%....100% - 9 passes
==PROF== Profiling "vectorized_elementwise_kernel" - 27 (28/500): 0%....50%....100% - 9 passes
==PROF== Profiling "reduce_kernel" - 28 (29/500): 0%....50%....100% - 9 passes
==PROF== Profiling "vectorized_elementwise_kernel" - 29 (30/500): 0%....50%....100% - 9 passes
==PROF== Profiling "vectorized_elementwise_kernel" - 30 (31/500): 0%....50%....100% - 9 passes
==PROF== Profiling "elementwise_kernel" - 31 (32/500): 0%....50%....100% - 9 passes
==PROF== Profiling "vectorized_elementwise_kernel" - 32 (33/500): 0%....50%....100% - 9 passes
==PROF== Profiling "elementwise_kernel" - 33 (34/500): 0%....50%....100% - 9 passes
==PROF== Profiling "turing_fp16_s1688gemm_fp16_25..." - 34 (35/500): 0%....50%....100% - 9 passes
==PROF== Profiling "vectorized_elementwise_kernel" - 35 (36/500): 0%....50%....100% - 9 passes
==PROF== Profiling "turing_fp16_s1688gemm_fp16_25..." - 36 (37/500): 0%....50%....100% - 9 passes
==PROF== Profiling "vectorized_elementwise_kernel" - 37 (38/500): 0%....50%....100% - 9 passes
==PROF== Profiling "turing_fp16_s1688gemm_fp16_12..." - 38 (39/500): 0%....50%....100% - 9 passes
==PROF== Profiling "vectorized_elementwise_kernel" - 39 (40/500): 0%....50%....100% - 9 passes
==PROF== Profiling "unrolled_elementwise_kernel" - 40 (41/500): 0%....50%....100% - 9 passes
==PROF== Profiling "vectorized_elementwise_kernel" - 41 (42/500): 0%....50%....100% - 9 passes
==PROF== Profiling "reduce_kernel" - 42 (43/500): 0%....50%....100% - 9 passes
==PROF== Profiling "vectorized_elementwise_kernel" - 43 (44/500): 0%....50%....100% - 9 passes
==PROF== Profiling "vectorized_elementwise_kernel" - 44 (45/500): 0%....50%....100% - 9 passes
==PROF== Profiling "elementwise_kernel" - 45 (46/500): 0%....50%....100% - 9 passes
==PROF== Profiling "vectorized_elementwise_kernel" - 46 (47/500): 0%....50%....100% - 9 passes
==PROF== Profiling "elementwise_kernel" - 47 (48/500): 0%....50%....100% - 9 passes
==PROF== Profiling "turing_fp16_s1688gemm_fp16_25..." - 48 (49/500): 0%....50%....100% - 9 passes
==PROF== Profiling "elementwise_kernel" - 49 (50/500): 0%....50%....100% - 9 passes
==PROF== Profiling "vectorized_elementwise_kernel" - 50 (51/500): 0%....50%....100% - 9 passes
==PROF== Profiling "elementwise_kernel" - 51 (52/500): 0%....50%....100% - 9 passes
==PROF== Profiling "elementwise_kernel" - 52 (53/500): 0%....50%....100% - 9 passes
==PROF== Profiling "conv1D_NCHW_general" - 53 (54/500): 0%....50%....100% - 9 passes
==PROF== Profiling "elementwise_kernel" - 54 (55/500): 0%....50%....100% - 9 passes
==PROF== Profiling "turing_fp16_s1688gemm_fp16_12..." - 55 (56/500): 0%....50%....100% - 9 passes
==PROF== Profiling "vectorized_elementwise_kernel" - 56 (57/500): 0%....50%....100% - 9 passes
==PROF== Profiling "unrolled_elementwise_kernel" - 57 (58/500): 0%....50%....100% - 9 passes
==PROF== Profiling "vectorized_elementwise_kernel" - 58 (59/500): 0%....50%....100% - 9 passes
==PROF== Profiling "reduce_kernel" - 59 (60/500): 0%....50%....100% - 9 passes
==PROF== Profiling "vectorized_elementwise_kernel" - 60 (61/500): 0%....50%....100% - 9 passes
==PROF== Profiling "vectorized_elementwise_kernel" - 61 (62/500): 0%....50%....100% - 9 passes
==PROF== Profiling "elementwise_kernel" - 62 (63/500): 0%....50%....100% - 9 passes
==PROF== Profiling "vectorized_elementwise_kernel" - 63 (64/500): 0%....50%....100% - 9 passes
==PROF== Profiling "elementwise_kernel" - 64 (65/500): 0%....50%....100% - 9 passes
==PROF== Profiling "turing_fp16_s1688gemm_fp16_25..." - 65 (66/500): 0%....50%....100% - 9 passes
==PROF== Profiling "vectorized_elementwise_kernel" - 66 (67/500): 0%....50%....100% - 9 passes
==PROF== Profiling "turing_fp16_s1688gemm_fp16_25..." - 67 (68/500): 0%....50%....100% - 9 passes
==PROF== Profiling "vectorized_elementwise_kernel" - 68 (69/500): 0%....50%....100% - 9 passes
==PROF== Profiling "turing_fp16_s1688gemm_fp16_12..." - 69 (70/500): 0%....50%....100% - 9 passes
==PROF== Profiling "vectorized_elementwise_kernel" - 70 (71/500): 0%....50%....100% - 9 passes
==PROF== Profiling "unrolled_elementwise_kernel" - 71 (72/500): 0%....50%....100% - 9 passes
==PROF== Profiling "vectorized_elementwise_kernel" - 72 (73/500): 0%....50%....100% - 9 passes
==PROF== Profiling "reduce_kernel" - 73 (74/500): 0%....50%....100% - 9 passes
==PROF== Profiling "vectorized_elementwise_kernel" - 74 (75/500): 0%....50%....100% - 9 passes
==PROF== Profiling "vectorized_elementwise_kernel" - 75 (76/500): 0%....50%....100% - 9 passes
==PROF== Profiling "elementwise_kernel" - 76 (77/500): 0%....50%....100% - 9 passes
==PROF== Profiling "vectorized_elementwise_kernel" - 77 (78/500): 0%....50%....100% - 9 passes
==PROF== Profiling "elementwise_kernel" - 78 (79/500): 0%....50%....100% - 9 passes
==PROF== Profiling "turing_fp16_s1688gemm_fp16_12..." - 79 (80/500): 0%....50%....100% - 9 passes
==PROF== Profiling "unrolled_elementwise_kernel" - 80 (81/500): 0%....50%....100% - 9 passes
==PROF== Profiling "vectorized_elementwise_kernel" - 81 (82/500): 0%....50%....100% - 9 passes
==PROF== Profiling "reduce_kernel" - 82 (83/500): 0%....50%....100% - 9 passes
==PROF== Profiling "vectorized_elementwise_kernel" - 83 (84/500): 0%....50%....100% - 9 passes
==PROF== Profiling "vectorized_elementwise_kernel" - 84 (85/500): 0%....50%....100% - 9 passes
==PROF== Profiling "elementwise_kernel" - 85 (86/500): 0%....50%....100% - 9 passes
==PROF== Profiling "vectorized_elementwise_kernel" - 86 (87/500): 0%....50%....100% - 9 passes
==PROF== Profiling "elementwise_kernel" - 87 (88/500): 0%....50%....100% - 9 passes
==PROF== Profiling "turing_fp16_s1688gemm_fp16_12..." - 88 (89/500): 0%....50%....100% - 9 passes
==PROF== Profiling "unrolled_elementwise_kernel" - 89 (90/500): 0%....50%....100% - 9 passes
==PROF== Profiling "vectorized_elementwise_kernel" - 90 (91/500): 0%....50%....100% - 9 passes
==PROF== Profiling "reduce_kernel" - 91 (92/500): 0%....50%....100% - 9 passes
==PROF== Profiling "vectorized_elementwise_kernel" - 92 (93/500): 0%....50%....100% - 9 passes
==PROF== Profiling "vectorized_elementwise_kernel" - 93 (94/500): 0%....50%....100% - 9 passes
==PROF== Profiling "elementwise_kernel" - 94 (95/500): 0%....50%....100% - 9 passes
==PROF== Profiling "vectorized_elementwise_kernel" - 95 (96/500): 0%....50%....100% - 9 passes
==PROF== Profiling "elementwise_kernel" - 96 (97/500): 0%....50%....100% - 9 passes
==PROF== Profiling "turing_fp16_s1688gemm_fp16_12..." - 97 (98/500): 0%....50%....100% - 9 passes
==PROF== Profiling "elementwise_kernel" - 98 (99/500): 0%....50%....100% - 9 passes
==PROF== Profiling "elementwise_kernel" - 99 (100/500): 0%....50%....100% - 9 passes
==PROF== Profiling "CatArrayBatchedCopy" - 100 (101/500): 0%....50%....100% - 9 passes
==PROF== Profiling "elementwise_kernel" - 101 (102/500): 0%....50%....100% - 9 passes
==PROF== Profiling "elementwise_kernel" - 102 (103/500): 0%....50%....100% - 9 passes
==PROF== Profiling "elementwise_kernel" - 103 (104/500): 0%....50%....100% - 9 passes
==PROF== Profiling "elementwise_kernel" - 104 (105/500): 0%....50%....100% - 9 passes
==PROF== Profiling "CatArrayBatchedCopy" - 105 (106/500): 0%....50%....100% - 9 passes
==PROF== Profiling "elementwise_kernel" - 106 (107/500): 0%....50%....100% - 9 passes
==PROF== Profiling "elementwise_kernel" - 107 (108/500): 0%....50%....100% - 9 passes
==PROF== Profiling "CatArrayBatchedCopy" - 108 (109/500): 0%....50%....100% - 9 passes
==PROF== Profiling "CatArrayBatchedCopy" - 109 (110/500): 0%....50%....100% - 9 passes
==PROF== Profiling "unrolled_elementwise_kernel" - 110 (111/500): 0%....50%....100% - 9 passes
==PROF== Profiling "unrolled_elementwise_kernel" - 111 (112/500): 0%....50%....100% - 9 passes
==PROF== Profiling "unrolled_elementwise_kernel" - 112 (113/500): 0%....50%....100% - 9 passes
==PROF== Profiling "vectorized_elementwise_kernel" - 113 (114/500): 0%....50%....100% - 9 passes
==PROF== Profiling "vectorized_elementwise_kernel" - 114 (115/500): 0%....50%....100% - 9 passes
==PROF== Profiling "triu_tril_kernel" - 115 (116/500): 0%....50%....100% - 9 passes
==PROF== Profiling "vectorized_elementwise_kernel" - 116 (117/500): 0%....50%....100% - 9 passes
==PROF== Profiling "vectorized_elementwise_kernel" - 117 (118/500): 0%....50%....100% - 9 passes
==PROF== Profiling "elementwise_kernel" - 118 (119/500): 0%....50%....100% - 9 passes
==PROF== Profiling "elementwise_kernel" - 119 (120/500): 0%....50%....100% - 9 passes
==PROF== Profiling "elementwise_kernel" - 120 (121/500): 0%....50%....100% - 9 passes
==PROF== Profiling "vectorized_elementwise_kernel" - 121 (122/500): 0%....50%....100% - 9 passes
==PROF== Profiling "volta_sgemm_128x64_tn" - 122 (123/500): 0%....50%....100% - 9 passes
==PROF== Profiling "elementwise_kernel" - 123 (124/500): 0%....50%....100% - 9 passes
==PROF== Profiling "softmax_warp_forward" - 124 (125/500): 0%....50%....100% - 9 passes
==PROF== Profiling "vectorized_elementwise_kernel" - 125 (126/500): 0%....50%....100% - 9 passes
==PROF== Profiling "reduce_kernel" - 126 (127/500): 0%....50%....100% - 9 passes
==PROF== Profiling "vectorized_elementwise_kernel" - 127 (128/500): 0%....50%....100% - 9 passes
==PROF== Profiling "elementwise_kernel" - 128 (129/500): 0%....50%....100% - 9 passes
==PROF== Profiling "vectorized_elementwise_kernel" - 129 (130/500): 0%....50%....100% - 9 passes
==PROF== Profiling "volta_sgemm_64x64_nn" - 130 (131/500): 0%....50%....100% - 9 passes
==PROF== Profiling "vectorized_elementwise_kernel" - 131 (132/500): 0%....50%....100% - 9 passes
==PROF== Profiling "elementwise_kernel" - 132 (133/500): 0%....50%....100% - 9 passes
==PROF== Profiling "turing_fp16_s1688gemm_fp16_12..." - 133 (134/500): 0%....50%....100% - 9 passes
==PROF== Profiling "vectorized_elementwise_kernel" - 134 (135/500): 0%....50%....100% - 9 passes
==PROF== Profiling "unrolled_elementwise_kernel" - 135 (136/500): 0%....50%....100% - 9 passes
==PROF== Profiling "vectorized_elementwise_kernel" - 136 (137/500): 0%....50%....100% - 9 passes
==PROF== Profiling "reduce_kernel" - 137 (138/500): 0%....50%....100% - 9 passes
==PROF== Profiling "vectorized_elementwise_kernel" - 138 (139/500): 0%....50%....100% - 9 passes
==PROF== Profiling "vectorized_elementwise_kernel" - 139 (140/500): 0%....50%....100% - 9 passes
==PROF== Profiling "elementwise_kernel" - 140 (141/500): 0%....50%....100% - 9 passes
==PROF== Profiling "vectorized_elementwise_kernel" - 141 (142/500): 0%....50%....100% - 9 passes
==PROF== Profiling "elementwise_kernel" - 142 (143/500): 0%....50%....100% - 9 passes
==PROF== Profiling "turing_fp16_s1688gemm_fp16_25..." - 143 (144/500): 0%....50%....100% - 9 passes
==PROF== Profiling "vectorized_elementwise_kernel" - 144 (145/500): 0%....50%....100% - 9 passes
==PROF== Profiling "turing_fp16_s1688gemm_fp16_25..." - 145 (146/500): 0%....50%....100% - 9 passes
==PROF== Profiling "vectorized_elementwise_kernel" - 146 (147/500): 0%....50%....100% - 9 passes
==PROF== Profiling "turing_fp16_s1688gemm_fp16_12..." - 147 (148/500): 0%....50%....100% - 9 passes
==PROF== Profiling "vectorized_elementwise_kernel" - 148 (149/500): 0%....50%....100% - 9 passes
==PROF== Profiling "unrolled_elementwise_kernel" - 149 (150/500): 0%....50%....100% - 9 passes
==PROF== Profiling "vectorized_elementwise_kernel" - 150 (151/500): 0%....50%....100% - 9 passes
==PROF== Profiling "reduce_kernel" - 151 (152/500): 0%....50%....100% - 9 passes
==PROF== Profiling "vectorized_elementwise_kernel" - 152 (153/500): 0%....50%....100% - 9 passes
==PROF== Profiling "vectorized_elementwise_kernel" - 153 (154/500): 0%....50%....100% - 9 passes
==PROF== Profiling "elementwise_kernel" - 154 (155/500): 0%....50%....100% - 9 passes
==PROF== Profiling "vectorized_elementwise_kernel" - 155 (156/500): 0%....50%....100% - 9 passes
==PROF== Profiling "elementwise_kernel" - 156 (157/500): 0%....50%....100% - 9 passes
==PROF== Profiling "turing_fp16_s1688gemm_fp16_25..." - 157 (158/500): 0%....50%....100% - 9 passes
==PROF== Profiling "elementwise_kernel" - 158 (159/500): 0%....50%....100% - 9 passes
==PROF== Profiling "vectorized_elementwise_kernel" - 159 (160/500): 0%....50%....100% - 9 passes
==PROF== Profiling "elementwise_kernel" - 160 (161/500): 0%....50%....100% - 9 passes
==PROF== Profiling "elementwise_kernel" - 161 (162/500): 0%....50%....100% - 9 passes
==PROF== Profiling "conv1D_NCHW_general" - 162 (163/500): 0%....50%....100% - 9 passes
==PROF== Profiling "elementwise_kernel" - 163 (164/500): 0%....50%....100% - 9 passes
==PROF== Profiling "turing_fp16_s1688gemm_fp16_12..." - 164 (165/500): 0%....50%....100% - 9 passes
==PROF== Profiling "vectorized_elementwise_kernel" - 165 (166/500): 0%....50%....100% - 9 passes
==PROF== Profiling "unrolled_elementwise_kernel" - 166 (167/500): 0%....50%....100% - 9 passes
==PROF== Profiling "vectorized_elementwise_kernel" - 167 (168/500): 0%....50%....100% - 9 passes
==PROF== Profiling "reduce_kernel" - 168 (169/500): 0%....50%....100% - 9 passes
==PROF== Profiling "vectorized_elementwise_kernel" - 169 (170/500): 0%....50%....100% - 9 passes
==PROF== Profiling "vectorized_elementwise_kernel" - 170 (171/500): 0%....50%....100% - 9 passes
==PROF== Profiling "elementwise_kernel" - 171 (172/500): 0%....50%....100% - 9 passes
==PROF== Profiling "vectorized_elementwise_kernel" - 172 (173/500): 0%....50%....100% - 9 passes
==PROF== Profiling "elementwise_kernel" - 173 (174/500): 0%....50%....100% - 9 passes
==PROF== Profiling "turing_fp16_s1688gemm_fp16_25..." - 174 (175/500): 0%....50%....100% - 9 passes
==PROF== Profiling "vectorized_elementwise_kernel" - 175 (176/500): 0%....50%....100% - 9 passes
==PROF== Profiling "turing_fp16_s1688gemm_fp16_25..." - 176 (177/500): 0%....50%....100% - 9 passes
==PROF== Profiling "vectorized_elementwise_kernel" - 177 (178/500): 0%....50%....100% - 9 passes
==PROF== Profiling "turing_fp16_s1688gemm_fp16_12..." - 178 (179/500): 0%....50%....100% - 9 passes
==PROF== Profiling "vectorized_elementwise_kernel" - 179 (180/500): 0%....50%....100% - 9 passes
==PROF== Profiling "unrolled_elementwise_kernel" - 180 (181/500): 0%....50%....100% - 9 passes
==PROF== Profiling "vectorized_elementwise_kernel" - 181 (182/500): 0%....50%....100% - 9 passes
==PROF== Profiling "reduce_kernel" - 182 (183/500): 0%....50%....100% - 9 passes
==PROF== Profiling "vectorized_elementwise_kernel" - 183 (184/500): 0%....50%....100% - 9 passes
==PROF== Profiling "vectorized_elementwise_kernel" - 184 (185/500): 0%....50%....100% - 9 passes
==PROF== Profiling "elementwise_kernel" - 185 (186/500): 0%....50%....100% - 9 passes
==PROF== Profiling "vectorized_elementwise_kernel" - 186 (187/500): 0%....50%....100% - 9 passes
==PROF== Profiling "elementwise_kernel" - 187 (188/500): 0%....50%....100% - 9 passes
==PROF== Profiling "turing_fp16_s1688gemm_fp16_25..." - 188 (189/500): 0%....50%....100% - 9 passes
==PROF== Profiling "elementwise_kernel" - 189 (190/500): 0%....50%....100% - 9 passes
==PROF== Profiling "vectorized_elementwise_kernel" - 190 (191/500): 0%....50%....100% - 9 passes
==PROF== Profiling "elementwise_kernel" - 191 (192/500): 0%....50%....100% - 9 passes
==PROF== Profiling "elementwise_kernel" - 192 (193/500): 0%....50%....100% - 9 passes
==PROF== Profiling "conv1D_NCHW_general" - 193 (194/500): 0%....50%....100% - 9 passes
==PROF== Profiling "elementwise_kernel" - 194 (195/500): 0%....50%....100% - 9 passes
==PROF== Profiling "turing_fp16_s1688gemm_fp16_12..." - 195 (196/500): 0%....50%....100% - 9 passes
==PROF== Profiling "vectorized_elementwise_kernel" - 196 (197/500): 0%....50%....100% - 9 passes
==PROF== Profiling "unrolled_elementwise_kernel" - 197 (198/500): 0%....50%....100% - 9 passes
==PROF== Profiling "vectorized_elementwise_kernel" - 198 (199/500): 0%....50%....100% - 9 passes
==PROF== Profiling "reduce_kernel" - 199 (200/500): 0%....50%....100% - 9 passes
==PROF== Profiling "vectorized_elementwise_kernel" - 200 (201/500): 0%....50%....100% - 9 passes
==PROF== Profiling "vectorized_elementwise_kernel" - 201 (202/500): 0%....50%....100% - 9 passes
==PROF== Profiling "elementwise_kernel" - 202 (203/500): 0%....50%....100% - 9 passes
==PROF== Profiling "vectorized_elementwise_kernel" - 203 (204/500): 0%....50%....100% - 9 passes
==PROF== Profiling "elementwise_kernel" - 204 (205/500): 0%....50%....100% - 9 passes
==PROF== Profiling "turing_fp16_s1688gemm_fp16_25..." - 205 (206/500): 0%....50%....100% - 9 passes
==PROF== Profiling "vectorized_elementwise_kernel" - 206 (207/500): 0%....50%....100% - 9 passes
==PROF== Profiling "turing_fp16_s1688gemm_fp16_25..." - 207 (208/500): 0%....50%....100% - 9 passes
==PROF== Profiling "vectorized_elementwise_kernel" - 208 (209/500): 0%....50%....100% - 9 passes
==PROF== Profiling "turing_fp16_s1688gemm_fp16_12..." - 209 (210/500): 0%....50%....100% - 9 passes
==PROF== Profiling "vectorized_elementwise_kernel" - 210 (211/500): 0%....50%....100% - 9 passes
==PROF== Profiling "unrolled_elementwise_kernel" - 211 (212/500): 0%....50%....100% - 9 passes
==PROF== Profiling "vectorized_elementwise_kernel" - 212 (213/500): 0%....50%....100% - 9 passes
==PROF== Profiling "reduce_kernel" - 213 (214/500): 0%....50%....100% - 9 passes
==PROF== Profiling "vectorized_elementwise_kernel" - 214 (215/500): 0%....50%....100% - 9 passes
==PROF== Profiling "vectorized_elementwise_kernel" - 215 (216/500): 0%....50%....100% - 9 passes
==PROF== Profiling "elementwise_kernel" - 216 (217/500): 0%....50%....100% - 9 passes
==PROF== Profiling "vectorized_elementwise_kernel" - 217 (218/500): 0%....50%....100% - 9 passes
==PROF== Profiling "elementwise_kernel" - 218 (219/500): 0%....50%....100% - 9 passes
==PROF== Profiling "turing_fp16_s1688gemm_fp16_12..." - 219 (220/500): 0%....50%....100% - 9 passes
==PROF== Profiling "unrolled_elementwise_kernel" - 220 (221/500): 0%....50%....100% - 9 passes
==PROF== Profiling "vectorized_elementwise_kernel" - 221 (222/500): 0%....50%....100% - 9 passes
==PROF== Profiling "reduce_kernel" - 222 (223/500): 0%....50%....100% - 9 passes
==PROF== Profiling "vectorized_elementwise_kernel" - 223 (224/500): 0%....50%....100% - 9 passes
==PROF== Profiling "vectorized_elementwise_kernel" - 224 (225/500): 0%....50%....100% - 9 passes
==PROF== Profiling "elementwise_kernel" - 225 (226/500): 0%....50%....100% - 9 passes
==PROF== Profiling "vectorized_elementwise_kernel" - 226 (227/500): 0%....50%....100% - 9 passes
==PROF== Profiling "elementwise_kernel" - 227 (228/500): 0%....50%....100% - 9 passes
==PROF== Profiling "turing_fp16_s1688gemm_fp16_12..." - 228 (229/500): 0%....50%....100% - 9 passes
==PROF== Profiling "unrolled_elementwise_kernel" - 229 (230/500): 0%....50%....100% - 9 passes
==PROF== Profiling "vectorized_elementwise_kernel" - 230 (231/500): 0%....50%....100% - 9 passes
==PROF== Profiling "reduce_kernel" - 231 (232/500): 0%....50%....100% - 9 passes
==PROF== Profiling "vectorized_elementwise_kernel" - 232 (233/500): 0%....50%....100% - 9 passes
==PROF== Profiling "vectorized_elementwise_kernel" - 233 (234/500): 0%....50%....100% - 9 passes
==PROF== Profiling "elementwise_kernel" - 234 (235/500): 0%....50%....100% - 9 passes
==PROF== Profiling "vectorized_elementwise_kernel" - 235 (236/500): 0%....50%....100% - 9 passes
==PROF== Profiling "elementwise_kernel" - 236 (237/500): 0%....50%....100% - 9 passes
==PROF== Profiling "turing_fp16_s1688gemm_fp16_12..." - 237 (238/500): 0%....50%....100% - 9 passes
==PROF== Profiling "elementwise_kernel" - 238 (239/500): 0%....50%....100% - 9 passes
==PROF== Profiling "elementwise_kernel" - 239 (240/500): 0%....50%....100% - 9 passes
==PROF== Profiling "CatArrayBatchedCopy" - 240 (241/500): 0%....50%....100% - 9 passes
==PROF== Profiling "elementwise_kernel" - 241 (242/500): 0%....50%....100% - 9 passes
==PROF== Profiling "elementwise_kernel" - 242 (243/500): 0%....50%....100% - 9 passes
==PROF== Profiling "elementwise_kernel" - 243 (244/500): 0%....50%....100% - 9 passes
==PROF== Profiling "elementwise_kernel" - 244 (245/500): 0%....50%....100% - 9 passes
==PROF== Profiling "CatArrayBatchedCopy" - 245 (246/500): 0%....50%....100% - 9 passes
==PROF== Profiling "elementwise_kernel" - 246 (247/500): 0%....50%....100% - 9 passes
==PROF== Profiling "elementwise_kernel" - 247 (248/500): 0%....50%....100% - 9 passes
==PROF== Profiling "CatArrayBatchedCopy" - 248 (249/500): 0%....50%....100% - 9 passes
==PROF== Profiling "CatArrayBatchedCopy" - 249 (250/500): 0%....50%....100% - 9 passes
==PROF== Profiling "unrolled_elementwise_kernel" - 250 (251/500): 0%....50%....100% - 9 passes
==PROF== Profiling "unrolled_elementwise_kernel" - 251 (252/500): 0%....50%....100% - 9 passes
==PROF== Profiling "unrolled_elementwise_kernel" - 252 (253/500): 0%....50%....100% - 9 passes
==PROF== Profiling "vectorized_elementwise_kernel" - 253 (254/500): 0%....50%....100% - 9 passes
==PROF== Profiling "vectorized_elementwise_kernel" - 254 (255/500): 0%....50%....100% - 9 passes
==PROF== Profiling "triu_tril_kernel" - 255 (256/500): 0%....50%....100% - 9 passes
==PROF== Profiling "vectorized_elementwise_kernel" - 256 (257/500): 0%....50%....100% - 9 passes
==PROF== Profiling "vectorized_elementwise_kernel" - 257 (258/500): 0%....50%....100% - 9 passes
==PROF== Profiling "elementwise_kernel" - 258 (259/500): 0%....50%....100% - 9 passes
==PROF== Profiling "elementwise_kernel" - 259 (260/500): 0%....50%....100% - 9 passes
==PROF== Profiling "elementwise_kernel" - 260 (261/500): 0%....50%....100% - 9 passes
==PROF== Profiling "vectorized_elementwise_kernel" - 261 (262/500): 0%....50%....100% - 9 passes
==PROF== Profiling "volta_sgemm_128x64_tn" - 262 (263/500): 0%....50%....100% - 9 passes
==PROF== Profiling "elementwise_kernel" - 263 (264/500): 0%....50%....100% - 9 passes
==PROF== Profiling "softmax_warp_forward" - 264 (265/500): 0%....50%....100% - 9 passes
==PROF== Profiling "vectorized_elementwise_kernel" - 265 (266/500): 0%....50%....100% - 9 passes
==PROF== Profiling "reduce_kernel" - 266 (267/500): 0%....50%....100% - 9 passes
==PROF== Profiling "vectorized_elementwise_kernel" - 267 (268/500): 0%....50%....100% - 9 passes
==PROF== Profiling "elementwise_kernel" - 268 (269/500): 0%....50%....100% - 9 passes
==PROF== Profiling "vectorized_elementwise_kernel" - 269 (270/500): 0%....50%....100% - 9 passes
==PROF== Profiling "volta_sgemm_64x64_nn" - 270 (271/500): 0%....50%....100% - 9 passes
==PROF== Profiling "vectorized_elementwise_kernel" - 271 (272/500): 0%....50%....100% - 9 passes
==PROF== Profiling "elementwise_kernel" - 272 (273/500): 0%....50%....100% - 9 passes
==PROF== Profiling "turing_fp16_s1688gemm_fp16_12..." - 273 (274/500): 0%....50%....100% - 9 passes
==PROF== Profiling "vectorized_elementwise_kernel" - 274 (275/500): 0%....50%....100% - 9 passes
==PROF== Profiling "unrolled_elementwise_kernel" - 275 (276/500): 0%....50%....100% - 9 passes
==PROF== Profiling "vectorized_elementwise_kernel" - 276 (277/500): 0%....50%....100% - 9 passes
==PROF== Profiling "reduce_kernel" - 277 (278/500): 0%....50%....100% - 9 passes
==PROF== Profiling "vectorized_elementwise_kernel" - 278 (279/500): 0%....50%....100% - 9 passes
==PROF== Profiling "vectorized_elementwise_kernel" - 279 (280/500): 0%....50%....100% - 9 passes
==PROF== Profiling "elementwise_kernel" - 280 (281/500): 0%....50%....100% - 9 passes
==PROF== Profiling "vectorized_elementwise_kernel" - 281 (282/500): 0%....50%....100% - 9 passes
==PROF== Profiling "elementwise_kernel" - 282 (283/500): 0%....50%....100% - 9 passes
==PROF== Profiling "turing_fp16_s1688gemm_fp16_25..." - 283 (284/500): 0%....50%....100% - 9 passes
==PROF== Profiling "vectorized_elementwise_kernel" - 284 (285/500): 0%....50%....100% - 9 passes
==PROF== Profiling "turing_fp16_s1688gemm_fp16_25..." - 285 (286/500): 0%....50%....100% - 9 passes
==PROF== Profiling "vectorized_elementwise_kernel" - 286 (287/500): 0%....50%....100% - 9 passes
==PROF== Profiling "turing_fp16_s1688gemm_fp16_12..." - 287 (288/500): 0%....50%....100% - 9 passes
==PROF== Profiling "vectorized_elementwise_kernel" - 288 (289/500): 0%....50%....100% - 9 passes
==PROF== Profiling "unrolled_elementwise_kernel" - 289 (290/500): 0%....50%....100% - 9 passes
==PROF== Profiling "vectorized_elementwise_kernel" - 290 (291/500): 0%....50%....100% - 9 passes
==PROF== Profiling "reduce_kernel" - 291 (292/500): 0%....50%....100% - 9 passes
==PROF== Profiling "vectorized_elementwise_kernel" - 292 (293/500): 0%....50%....100% - 9 passes
==PROF== Profiling "vectorized_elementwise_kernel" - 293 (294/500): 0%....50%....100% - 9 passes
==PROF== Profiling "elementwise_kernel" - 294 (295/500): 0%....50%....100% - 9 passes
==PROF== Profiling "vectorized_elementwise_kernel" - 295 (296/500): 0%....50%....100% - 9 passes
==PROF== Profiling "elementwise_kernel" - 296 (297/500): 0%....50%....100% - 9 passes
==PROF== Profiling "turing_fp16_s1688gemm_fp16_25..." - 297 (298/500): 0%....50%....100% - 9 passes
==PROF== Profiling "elementwise_kernel" - 298 (299/500): 0%....50%....100% - 9 passes
==PROF== Profiling "vectorized_elementwise_kernel" - 299 (300/500): 0%....50%....100% - 9 passes
==PROF== Profiling "elementwise_kernel" - 300 (301/500): 0%....50%....100% - 9 passes
==PROF== Profiling "elementwise_kernel" - 301 (302/500): 0%....50%....100% - 9 passes
==PROF== Profiling "conv1D_NCHW_general" - 302 (303/500): 0%....50%....100% - 9 passes
==PROF== Profiling "elementwise_kernel" - 303 (304/500): 0%....50%....100% - 9 passes
==PROF== Profiling "turing_fp16_s1688gemm_fp16_12..." - 304 (305/500): 0%....50%....100% - 9 passes
==PROF== Profiling "vectorized_elementwise_kernel" - 305 (306/500): 0%....50%....100% - 9 passes
==PROF== Profiling "unrolled_elementwise_kernel" - 306 (307/500): 0%....50%....100% - 9 passes
==PROF== Profiling "vectorized_elementwise_kernel" - 307 (308/500): 0%....50%....100% - 9 passes
==PROF== Profiling "reduce_kernel" - 308 (309/500): 0%....50%....100% - 9 passes
==PROF== Profiling "vectorized_elementwise_kernel" - 309 (310/500): 0%....50%....100% - 9 passes
==PROF== Profiling "vectorized_elementwise_kernel" - 310 (311/500): 0%....50%....100% - 9 passes
==PROF== Profiling "elementwise_kernel" - 311 (312/500): 0%....50%....100% - 9 passes
==PROF== Profiling "vectorized_elementwise_kernel" - 312 (313/500): 0%....50%....100% - 9 passes
==PROF== Profiling "elementwise_kernel" - 313 (314/500): 0%....50%....100% - 9 passes
==PROF== Profiling "turing_fp16_s1688gemm_fp16_25..." - 314 (315/500): 0%....50%....100% - 9 passes
==PROF== Profiling "vectorized_elementwise_kernel" - 315 (316/500): 0%....50%....100% - 9 passes
==PROF== Profiling "turing_fp16_s1688gemm_fp16_25..." - 316 (317/500): 0%....50%....100% - 9 passes
==PROF== Profiling "vectorized_elementwise_kernel" - 317 (318/500): 0%....50%....100% - 9 passes
==PROF== Profiling "turing_fp16_s1688gemm_fp16_12..." - 318 (319/500): 0%....50%....100% - 9 passes
==PROF== Profiling "vectorized_elementwise_kernel" - 319 (320/500): 0%....50%....100% - 9 passes
==PROF== Profiling "unrolled_elementwise_kernel" - 320 (321/500): 0%....50%....100% - 9 passes
==PROF== Profiling "vectorized_elementwise_kernel" - 321 (322/500): 0%....50%....100% - 9 passes
==PROF== Profiling "reduce_kernel" - 322 (323/500): 0%....50%....100% - 9 passes
==PROF== Profiling "vectorized_elementwise_kernel" - 323 (324/500): 0%....50%....100% - 9 passes
==PROF== Profiling "vectorized_elementwise_kernel" - 324 (325/500): 0%....50%....100% - 9 passes
==PROF== Profiling "elementwise_kernel" - 325 (326/500): 0%....50%....100% - 9 passes
==PROF== Profiling "vectorized_elementwise_kernel" - 326 (327/500): 0%....50%....100% - 9 passes
==PROF== Profiling "elementwise_kernel" - 327 (328/500): 0%....50%....100% - 9 passes
==PROF== Profiling "turing_fp16_s1688gemm_fp16_25..." - 328 (329/500): 0%....50%....100% - 9 passes
==PROF== Profiling "elementwise_kernel" - 329 (330/500): 0%....50%....100% - 9 passes
==PROF== Profiling "vectorized_elementwise_kernel" - 330 (331/500): 0%....50%....100% - 9 passes
==PROF== Profiling "elementwise_kernel" - 331 (332/500): 0%....50%....100% - 9 passes
==PROF== Profiling "elementwise_kernel" - 332 (333/500): 0%....50%....100% - 9 passes
==PROF== Profiling "conv1D_NCHW_general" - 333 (334/500): 0%....50%....100% - 9 passes
==PROF== Profiling "elementwise_kernel" - 334 (335/500): 0%....50%....100% - 9 passes
==PROF== Profiling "turing_fp16_s1688gemm_fp16_12..." - 335 (336/500): 0%....50%....100% - 9 passes
==PROF== Profiling "vectorized_elementwise_kernel" - 336 (337/500): 0%....50%....100% - 9 passes
==PROF== Profiling "unrolled_elementwise_kernel" - 337 (338/500): 0%....50%....100% - 9 passes
==PROF== Profiling "vectorized_elementwise_kernel" - 338 (339/500): 0%....50%....100% - 9 passes
==PROF== Profiling "reduce_kernel" - 339 (340/500): 0%....50%....100% - 9 passes
==PROF== Profiling "vectorized_elementwise_kernel" - 340 (341/500): 0%....50%....100% - 9 passes
==PROF== Profiling "vectorized_elementwise_kernel" - 341 (342/500): 0%....50%....100% - 9 passes
==PROF== Profiling "elementwise_kernel" - 342 (343/500): 0%....50%....100% - 9 passes
==PROF== Profiling "vectorized_elementwise_kernel" - 343 (344/500): 0%....50%....100% - 9 passes
==PROF== Profiling "elementwise_kernel" - 344 (345/500): 0%....50%....100% - 9 passes
==PROF== Profiling "turing_fp16_s1688gemm_fp16_25..." - 345 (346/500): 0%....50%....100% - 9 passes
==PROF== Profiling "vectorized_elementwise_kernel" - 346 (347/500): 0%....50%....100% - 9 passes
==PROF== Profiling "turing_fp16_s1688gemm_fp16_25..." - 347 (348/500): 0%....50%....100% - 9 passes
==PROF== Profiling "vectorized_elementwise_kernel" - 348 (349/500): 0%....50%....100% - 9 passes
==PROF== Profiling "turing_fp16_s1688gemm_fp16_12..." - 349 (350/500): 0%....50%....100% - 9 passes
==PROF== Profiling "vectorized_elementwise_kernel" - 350 (351/500): 0%....50%....100% - 9 passes
==PROF== Profiling "unrolled_elementwise_kernel" - 351 (352/500): 0%....50%....100% - 9 passes
==PROF== Profiling "vectorized_elementwise_kernel" - 352 (353/500): 0%....50%....100% - 9 passes
==PROF== Profiling "reduce_kernel" - 353 (354/500): 0%....50%....100% - 9 passes
==PROF== Profiling "vectorized_elementwise_kernel" - 354 (355/500): 0%....50%....100% - 9 passes
==PROF== Profiling "vectorized_elementwise_kernel" - 355 (356/500): 0%....50%....100% - 9 passes
==PROF== Profiling "elementwise_kernel" - 356 (357/500): 0%....50%....100% - 9 passes
==PROF== Profiling "vectorized_elementwise_kernel" - 357 (358/500): 0%....50%....100% - 9 passes
==PROF== Profiling "elementwise_kernel" - 358 (359/500): 0%....50%....100% - 9 passes
==PROF== Profiling "turing_fp16_s1688gemm_fp16_12..." - 359 (360/500): 0%....50%....100% - 9 passes
==PROF== Profiling "unrolled_elementwise_kernel" - 360 (361/500): 0%....50%....100% - 9 passes
==PROF== Profiling "vectorized_elementwise_kernel" - 361 (362/500): 0%....50%....100% - 9 passes
==PROF== Profiling "reduce_kernel" - 362 (363/500): 0%....50%....100% - 9 passes
==PROF== Profiling "vectorized_elementwise_kernel" - 363 (364/500): 0%....50%....100% - 9 passes
==PROF== Profiling "vectorized_elementwise_kernel" - 364 (365/500): 0%....50%....100% - 9 passes
==PROF== Profiling "elementwise_kernel" - 365 (366/500): 0%....50%....100% - 9 passes
==PROF== Profiling "vectorized_elementwise_kernel" - 366 (367/500): 0%....50%....100% - 9 passes
==PROF== Profiling "elementwise_kernel" - 367 (368/500): 0%....50%....100% - 9 passes
==PROF== Profiling "turing_fp16_s1688gemm_fp16_12..." - 368 (369/500): 0%....50%....100% - 9 passes
==PROF== Profiling "unrolled_elementwise_kernel" - 369 (370/500): 0%....50%....100% - 9 passes
==PROF== Profiling "vectorized_elementwise_kernel" - 370 (371/500): 0%....50%....100% - 9 passes
==PROF== Profiling "reduce_kernel" - 371 (372/500): 0%....50%....100% - 9 passes
==PROF== Profiling "vectorized_elementwise_kernel" - 372 (373/500): 0%....50%....100% - 9 passes
==PROF== Profiling "vectorized_elementwise_kernel" - 373 (374/500): 0%....50%....100% - 9 passes
==PROF== Profiling "elementwise_kernel" - 374 (375/500): 0%....50%....100% - 9 passes
==PROF== Profiling "vectorized_elementwise_kernel" - 375 (376/500): 0%....50%....100% - 9 passes
==PROF== Profiling "elementwise_kernel" - 376 (377/500): 0%....50%....100% - 9 passes
==PROF== Profiling "turing_fp16_s1688gemm_fp16_12..." - 377 (378/500): 0%....50%....100% - 9 passes
==PROF== Profiling "elementwise_kernel" - 378 (379/500): 0%....50%....100% - 9 passes
==PROF== Profiling "elementwise_kernel" - 379 (380/500): 0%....50%....100% - 9 passes
==PROF== Profiling "CatArrayBatchedCopy" - 380 (381/500): 0%....50%....100% - 9 passes
==PROF== Profiling "elementwise_kernel" - 381 (382/500): 0%....50%....100% - 9 passes
==PROF== Profiling "elementwise_kernel" - 382 (383/500): 0%....50%....100% - 9 passes
==PROF== Profiling "elementwise_kernel" - 383 (384/500): 0%....50%....100% - 9 passes
==PROF== Profiling "elementwise_kernel" - 384 (385/500): 0%....50%....100% - 9 passes
==PROF== Profiling "CatArrayBatchedCopy" - 385 (386/500): 0%....50%....100% - 9 passes
==PROF== Profiling "elementwise_kernel" - 386 (387/500): 0%....50%....100% - 9 passes
==PROF== Profiling "elementwise_kernel" - 387 (388/500): 0%....50%....100% - 9 passes
==PROF== Profiling "CatArrayBatchedCopy" - 388 (389/500): 0%....50%....100% - 9 passes
==PROF== Profiling "CatArrayBatchedCopy" - 389 (390/500): 0%....50%....100% - 9 passes
==PROF== Profiling "unrolled_elementwise_kernel" - 390 (391/500): 0%....50%....100% - 9 passes
==PROF== Profiling "unrolled_elementwise_kernel" - 391 (392/500): 0%....50%....100% - 9 passes
==PROF== Profiling "unrolled_elementwise_kernel" - 392 (393/500): 0%....50%....100% - 9 passes
==PROF== Profiling "vectorized_elementwise_kernel" - 393 (394/500): 0%....50%....100% - 9 passes
==PROF== Profiling "vectorized_elementwise_kernel" - 394 (395/500): 0%....50%....100% - 9 passes
==PROF== Profiling "triu_tril_kernel" - 395 (396/500): 0%....50%....100% - 9 passes
==PROF== Profiling "vectorized_elementwise_kernel" - 396 (397/500): 0%....50%....100% - 9 passes
==PROF== Profiling "vectorized_elementwise_kernel" - 397 (398/500): 0%....50%....100% - 9 passes
==PROF== Profiling "elementwise_kernel" - 398 (399/500): 0%....50%....100% - 9 passes
==PROF== Profiling "elementwise_kernel" - 399 (400/500): 0%....50%....100% - 9 passes
==PROF== Profiling "elementwise_kernel" - 400 (401/500): 0%....50%....100% - 9 passes
==PROF== Profiling "vectorized_elementwise_kernel" - 401 (402/500): 0%....50%....100% - 9 passes
==PROF== Profiling "volta_sgemm_128x64_tn" - 402 (403/500): 0%....50%....100% - 9 passes
==PROF== Profiling "elementwise_kernel" - 403 (404/500): 0%....50%....100% - 9 passes
==PROF== Profiling "softmax_warp_forward" - 404 (405/500): 0%....50%....100% - 9 passes
==PROF== Profiling "vectorized_elementwise_kernel" - 405 (406/500): 0%....50%....100% - 9 passes
==PROF== Profiling "reduce_kernel" - 406 (407/500): 0%....50%....100% - 9 passes
==PROF== Profiling "vectorized_elementwise_kernel" - 407 (408/500): 0%....50%....100% - 9 passes
==PROF== Profiling "elementwise_kernel" - 408 (409/500): 0%....50%....100% - 9 passes
==PROF== Profiling "vectorized_elementwise_kernel" - 409 (410/500): 0%....50%....100% - 9 passes
==PROF== Profiling "volta_sgemm_64x64_nn" - 410 (411/500): 0%....50%....100% - 9 passes
==PROF== Profiling "vectorized_elementwise_kernel" - 411 (412/500): 0%....50%....100% - 9 passes
==PROF== Profiling "elementwise_kernel" - 412 (413/500): 0%....50%....100% - 9 passes
==PROF== Profiling "turing_fp16_s1688gemm_fp16_12..." - 413 (414/500): 0%....50%....100% - 9 passes
==PROF== Profiling "vectorized_elementwise_kernel" - 414 (415/500): 0%....50%....100% - 9 passes
==PROF== Profiling "unrolled_elementwise_kernel" - 415 (416/500): 0%....50%....100% - 9 passes
==PROF== Profiling "vectorized_elementwise_kernel" - 416 (417/500): 0%....50%....100% - 9 passes
==PROF== Profiling "reduce_kernel" - 417 (418/500): 0%....50%....100% - 9 passes
==PROF== Profiling "vectorized_elementwise_kernel" - 418 (419/500): 0%....50%....100% - 9 passes
==PROF== Profiling "vectorized_elementwise_kernel" - 419 (420/500): 0%....50%....100% - 9 passes
==PROF== Profiling "elementwise_kernel" - 420 (421/500): 0%....50%....100% - 9 passes
==PROF== Profiling "vectorized_elementwise_kernel" - 421 (422/500): 0%....50%....100% - 9 passes
==PROF== Profiling "elementwise_kernel" - 422 (423/500): 0%....50%....100% - 9 passes
==PROF== Profiling "turing_fp16_s1688gemm_fp16_25..." - 423 (424/500): 0%....50%....100% - 9 passes
==PROF== Profiling "vectorized_elementwise_kernel" - 424 (425/500): 0%....50%....100% - 9 passes
==PROF== Profiling "turing_fp16_s1688gemm_fp16_25..." - 425 (426/500): 0%....50%....100% - 9 passes
==PROF== Profiling "vectorized_elementwise_kernel" - 426 (427/500): 0%....50%....100% - 9 passes
==PROF== Profiling "turing_fp16_s1688gemm_fp16_12..." - 427 (428/500): 0%....50%....100% - 9 passes
==PROF== Profiling "vectorized_elementwise_kernel" - 428 (429/500): 0%....50%....100% - 9 passes
==PROF== Profiling "unrolled_elementwise_kernel" - 429 (430/500): 0%....50%....100% - 9 passes
==PROF== Profiling "vectorized_elementwise_kernel" - 430 (431/500): 0%....50%....100% - 9 passes
==PROF== Profiling "reduce_kernel" - 431 (432/500): 0%....50%....100% - 9 passes
==PROF== Profiling "vectorized_elementwise_kernel" - 432 (433/500): 0%....50%....100% - 9 passes
==PROF== Profiling "vectorized_elementwise_kernel" - 433 (434/500): 0%....50%....100% - 9 passes
==PROF== Profiling "elementwise_kernel" - 434 (435/500): 0%....50%....100% - 9 passes
==PROF== Profiling "vectorized_elementwise_kernel" - 435 (436/500): 0%....50%....100% - 9 passes
==PROF== Profiling "elementwise_kernel" - 436 (437/500): 0%....50%....100% - 9 passes
==PROF== Profiling "turing_fp16_s1688gemm_fp16_25..." - 437 (438/500): 0%....50%....100% - 9 passes
==PROF== Profiling "elementwise_kernel" - 438 (439/500): 0%....50%....100% - 9 passes
==PROF== Profiling "vectorized_elementwise_kernel" - 439 (440/500): 0%....50%....100% - 9 passes
==PROF== Profiling "elementwise_kernel" - 440 (441/500): 0%....50%....100% - 9 passes
==PROF== Profiling "elementwise_kernel" - 441 (442/500): 0%....50%....100% - 9 passes
==PROF== Profiling "conv1D_NCHW_general" - 442 (443/500): 0%....50%....100% - 9 passes
==PROF== Profiling "elementwise_kernel" - 443 (444/500): 0%....50%....100% - 9 passes
==PROF== Profiling "turing_fp16_s1688gemm_fp16_12..." - 444 (445/500): 0%....50%....100% - 9 passes
==PROF== Profiling "vectorized_elementwise_kernel" - 445 (446/500): 0%....50%....100% - 9 passes
==PROF== Profiling "unrolled_elementwise_kernel" - 446 (447/500): 0%....50%....100% - 9 passes
==PROF== Profiling "vectorized_elementwise_kernel" - 447 (448/500): 0%....50%....100% - 9 passes
==PROF== Profiling "reduce_kernel" - 448 (449/500): 0%....50%....100% - 9 passes
==PROF== Profiling "vectorized_elementwise_kernel" - 449 (450/500): 0%....50%....100% - 9 passes
==PROF== Profiling "vectorized_elementwise_kernel" - 450 (451/500): 0%....50%....100% - 9 passes
==PROF== Profiling "elementwise_kernel" - 451 (452/500): 0%....50%....100% - 9 passes
==PROF== Profiling "vectorized_elementwise_kernel" - 452 (453/500): 0%....50%....100% - 9 passes
==PROF== Profiling "elementwise_kernel" - 453 (454/500): 0%....50%....100% - 9 passes
==PROF== Profiling "turing_fp16_s1688gemm_fp16_25..." - 454 (455/500): 0%....50%....100% - 9 passes
==PROF== Profiling "vectorized_elementwise_kernel" - 455 (456/500): 0%....50%....100% - 9 passes
==PROF== Profiling "turing_fp16_s1688gemm_fp16_25..." - 456 (457/500): 0%....50%....100% - 9 passes
==PROF== Profiling "vectorized_elementwise_kernel" - 457 (458/500): 0%....50%....100% - 9 passes
==PROF== Profiling "turing_fp16_s1688gemm_fp16_12..." - 458 (459/500): 0%....50%....100% - 9 passes
==PROF== Profiling "vectorized_elementwise_kernel" - 459 (460/500): 0%....50%....100% - 9 passes
==PROF== Profiling "unrolled_elementwise_kernel" - 460 (461/500): 0%....50%....100% - 9 passes
==PROF== Profiling "vectorized_elementwise_kernel" - 461 (462/500): 0%....50%....100% - 9 passes
==PROF== Profiling "reduce_kernel" - 462 (463/500): 0%....50%....100% - 9 passes
==PROF== Profiling "vectorized_elementwise_kernel" - 463 (464/500): 0%....50%....100% - 9 passes
==PROF== Profiling "vectorized_elementwise_kernel" - 464 (465/500): 0%....50%....100% - 9 passes
==PROF== Profiling "elementwise_kernel" - 465 (466/500): 0%....50%....100% - 9 passes
==PROF== Profiling "vectorized_elementwise_kernel" - 466 (467/500): 0%....50%....100% - 9 passes
==PROF== Profiling "elementwise_kernel" - 467 (468/500): 0%....50%....100% - 9 passes
==PROF== Profiling "turing_fp16_s1688gemm_fp16_12..." - 468 (469/500): 0%....50%....100% - 9 passes
==PROF== Profiling "unrolled_elementwise_kernel" - 469 (470/500): 0%....50%....100% - 9 passes
==PROF== Profiling "vectorized_elementwise_kernel" - 470 (471/500): 0%....50%....100% - 9 passes
==PROF== Profiling "reduce_kernel" - 471 (472/500): 0%....50%....100% - 9 passes
==PROF== Profiling "vectorized_elementwise_kernel" - 472 (473/500): 0%....50%....100% - 9 passes
==PROF== Profiling "vectorized_elementwise_kernel" - 473 (474/500): 0%....50%....100% - 9 passes
==PROF== Profiling "elementwise_kernel" - 474 (475/500): 0%....50%....100% - 9 passes
==PROF== Profiling "vectorized_elementwise_kernel" - 475 (476/500): 0%....50%....100% - 9 passes
==PROF== Profiling "elementwise_kernel" - 476 (477/500): 0%....50%....100% - 9 passes
==PROF== Profiling "turing_fp16_s1688gemm_fp16_12..." - 477 (478/500): 0%....50%....100% - 9 passes
==PROF== Profiling "unrolled_elementwise_kernel" - 478 (479/500): 0%....50%....100% - 9 passes
==PROF== Profiling "vectorized_elementwise_kernel" - 479 (480/500): 0%....50%....100% - 9 passes
==PROF== Profiling "reduce_kernel" - 480 (481/500): 0%....50%....100% - 9 passes
==PROF== Profiling "vectorized_elementwise_kernel" - 481 (482/500): 0%....50%....100% - 9 passes
==PROF== Profiling "vectorized_elementwise_kernel" - 482 (483/500): 0%....50%....100% - 9 passes
==PROF== Profiling "elementwise_kernel" - 483 (484/500): 0%....50%....100% - 9 passes
==PROF== Profiling "vectorized_elementwise_kernel" - 484 (485/500): 0%....50%....100% - 9 passes
==PROF== Profiling "elementwise_kernel" - 485 (486/500): 0%....50%....100% - 9 passes
==PROF== Profiling "turing_fp16_s1688gemm_fp16_12..." - 486 (487/500): 0%....50%....100% - 9 passes
==PROF== Profiling "elementwise_kernel" - 487 (488/500): 0%....50%....100% - 9 passes
==PROF== Profiling "elementwise_kernel" - 488 (489/500): 0%....50%....100% - 9 passes
==PROF== Profiling "CatArrayBatchedCopy" - 489 (490/500): 0%....50%....100% - 9 passes
==PROF== Profiling "elementwise_kernel" - 490 (491/500): 0%....50%....100% - 9 passes
==PROF== Profiling "elementwise_kernel" - 491 (492/500): 0%....50%....100% - 9 passes
==PROF== Profiling "elementwise_kernel" - 492 (493/500): 0%....50%....100% - 9 passes
==PROF== Profiling "elementwise_kernel" - 493 (494/500): 0%....50%....100% - 9 passes
==PROF== Profiling "CatArrayBatchedCopy" - 494 (495/500): 0%....50%....100% - 9 passes
==PROF== Profiling "elementwise_kernel" - 495 (496/500): 0%....50%....100% - 9 passes
==PROF== Profiling "elementwise_kernel" - 496 (497/500): 0%....50%....100% - 9 passes
==PROF== Profiling "CatArrayBatchedCopy" - 497 (498/500): 0%....50%....100% - 9 passes
==PROF== Profiling "CatArrayBatchedCopy" - 498 (499/500): 0%....50%....100% - 9 passes
==PROF== Profiling "unrolled_elementwise_kernel" - 499 (500/500): 0%....50%....100% - 9 passes
[run_once] done
==PROF== Disconnected from process 72830
==PROF== Report: /content/PAA_Project/profiling/reports/20261007-161154_T4_ncu_prefill_img_small/ncu_prefill.ncu-rep
[ncu] -> /content/PAA_Project/profiling/reports/20261007-161154_T4_ncu_prefill_img_small
total 107328
drwxr-xr-x  2 root root      4096 Oct  7 16:28 .
drwxr-xr-x 10 root root      4096 Oct  7 16:11 ..
-rw-r--r--  1 root root    220386 Oct  7 16:28 ncu_prefill_metrics.csv
-rw-r--r--  1 root root 109671944 Oct  7 16:28 ncu_prefill.ncu-rep
[suite 16:28:47] END   ncu rc=0 (1013 s)
[suite 16:28:47] START ncu_deep: env NCU_SET=full LAUNCHES=150 OUT_DIR=profiling/reports/20261007-162847_ncu_deep_decode_baseline bash profiling/ncu/profile_ncu.sh decode img_small --variant baseline
==PROF== Connected to process 81577 (/usr/bin/python3.13)
==PROF== Profiling "unrolled_elementwise_kernel" - 0 (1/150): 0%....50%....100% - 33 passes
==PROF== Profiling "elementwise_kernel" - 1 (2/150): 0%....50%....100% - 33 passes
==PROF== Profiling "CatArrayBatchedCopy_vectorized" - 2 (3/150): 0%....50%....100% - 33 passes
==PROF== Profiling "vectorized_elementwise_kernel" - 3 (4/150): 0%....50%....100% - 33 passes
==PROF== Profiling "vectorized_elementwise_kernel" - 4 (5/150): 0%....50%....100% - 33 passes
==PROF== Profiling "vectorized_elementwise_kernel" - 5 (6/150): 0%....50%....100% - 33 passes
==PROF== Profiling "vectorized_elementwise_kernel" - 6 (7/150): 0%....50%....100% - 33 passes
==PROF== Profiling "vectorized_elementwise_kernel" - 7 (8/150): 0%....50%....100% - 33 passes
==PROF== Profiling "vectorized_elementwise_kernel" - 8 (9/150): 0%....50%....100% - 33 passes
==PROF== Profiling "unrolled_elementwise_kernel" - 9 (10/150): 0%....50%....100% - 33 passes
==PROF== Profiling "vectorized_elementwise_kernel" - 10 (11/150): 0%....50%....100% - 33 passes
==PROF== Profiling "reduce_kernel" - 11 (12/150): 0%....50%....100% - 33 passes
==PROF== Profiling "vectorized_elementwise_kernel" - 12 (13/150): 0%....50%....100% - 33 passes
==PROF== Profiling "vectorized_elementwise_kernel" - 13 (14/150): 0%....50%....100% - 33 passes
==PROF== Profiling "elementwise_kernel" - 14 (15/150): 0%....50%....100% - 33 passes
==PROF== Profiling "vectorized_elementwise_kernel" - 15 (16/150): 0%....50%....100% - 33 passes
==PROF== Profiling "vectorized_elementwise_kernel" - 16 (17/150): 0%....50%....100% - 33 passes
==PROF== Profiling "kernel" - 17 (18/150): 0%....50%....100% - 33 passes
==PROF== Profiling "vectorized_elementwise_kernel" - 18 (19/150): 0%....50%....100% - 33 passes
==PROF== Profiling "CatArrayBatchedCopy_alignedK_..." - 19 (20/150): 0%....50%....100% - 33 passes
==PROF== Profiling "elementwise_kernel" - 20 (21/150): 0%....50%....100% - 33 passes
==PROF== Profiling "conv2d_grouped_direct_kernel" - 21 (22/150): 0%....50%....100% - 32 passes
==PROF== Profiling "elementwise_kernel" - 22 (23/150): 0%....50%....100% - 33 passes
==PROF== Profiling "kernel" - 23 (24/150): 0%....50%....100% - 33 passes
==PROF== Profiling "vectorized_elementwise_kernel" - 24 (25/150): 0%....50%....100% - 33 passes
==PROF== Profiling "unrolled_elementwise_kernel" - 25 (26/150): 0%....50%....100% - 33 passes
==PROF== Profiling "vectorized_elementwise_kernel" - 26 (27/150): 0%....50%....100% - 33 passes
==PROF== Profiling "reduce_kernel" - 27 (28/150): 0%....50%....100% - 33 passes
==PROF== Profiling "vectorized_elementwise_kernel" - 28 (29/150): 0%....50%....100% - 33 passes
==PROF== Profiling "vectorized_elementwise_kernel" - 29 (30/150): 0%....50%....100% - 33 passes
==PROF== Profiling "elementwise_kernel" - 30 (31/150): 0%....50%....100% - 33 passes
==PROF== Profiling "vectorized_elementwise_kernel" - 31 (32/150): 0%....50%....100% - 33 passes
==PROF== Profiling "vectorized_elementwise_kernel" - 32 (33/150): 0%....50%....100% - 33 passes
==PROF== Profiling "kernel" - 33 (34/150): 0%....50%....100% - 33 passes
==PROF== Profiling "vectorized_elementwise_kernel" - 34 (35/150): 0%....50%....100% - 33 passes
==PROF== Profiling "kernel" - 35 (36/150): 0%....50%....100% - 33 passes
==PROF== Profiling "vectorized_elementwise_kernel" - 36 (37/150): 0%....50%....100% - 33 passes
==PROF== Profiling "kernel" - 37 (38/150): 0%....50%....100% - 33 passes
==PROF== Profiling "vectorized_elementwise_kernel" - 38 (39/150): 0%....50%....100% - 33 passes
==PROF== Profiling "unrolled_elementwise_kernel" - 39 (40/150): 0%....50%....100% - 33 passes
==PROF== Profiling "vectorized_elementwise_kernel" - 40 (41/150): 0%....50%....100% - 33 passes
==PROF== Profiling "reduce_kernel" - 41 (42/150): 0%....50%....100% - 33 passes
==PROF== Profiling "vectorized_elementwise_kernel" - 42 (43/150): 0%....50%....100% - 33 passes
==PROF== Profiling "vectorized_elementwise_kernel" - 43 (44/150): 0%....50%....100% - 33 passes
==PROF== Profiling "elementwise_kernel" - 44 (45/150): 0%....50%....100% - 33 passes
==PROF== Profiling "vectorized_elementwise_kernel" - 45 (46/150): 0%....50%....100% - 33 passes
==PROF== Profiling "vectorized_elementwise_kernel" - 46 (47/150): 0%....50%....100% - 33 passes
==PROF== Profiling "kernel" - 47 (48/150): 0%....50%....100% - 33 passes
==PROF== Profiling "vectorized_elementwise_kernel" - 48 (49/150): 0%....50%....100% - 33 passes
==PROF== Profiling "CatArrayBatchedCopy_alignedK_..." - 49 (50/150): 0%....50%....100% - 33 passes
==PROF== Profiling "elementwise_kernel" - 50 (51/150): 0%....50%....100% - 33 passes
==PROF== Profiling "conv2d_grouped_direct_kernel" - 51 (52/150): 0%....50%....100% - 33 passes
==PROF== Profiling "elementwise_kernel" - 52 (53/150): 0%....50%....100% - 33 passes
==PROF== Profiling "kernel" - 53 (54/150): 0%....50%....100% - 33 passes
==PROF== Profiling "vectorized_elementwise_kernel" - 54 (55/150): 0%....50%....100% - 33 passes
==PROF== Profiling "unrolled_elementwise_kernel" - 55 (56/150): 0%....50%....100% - 33 passes
==PROF== Profiling "vectorized_elementwise_kernel" - 56 (57/150): 0%....50%....100% - 33 passes
==PROF== Profiling "reduce_kernel" - 57 (58/150): 0%....50%....100% - 33 passes
==PROF== Profiling "vectorized_elementwise_kernel" - 58 (59/150): 0%....50%....100% - 33 passes
==PROF== Profiling "vectorized_elementwise_kernel" - 59 (60/150): 0%....50%....100% - 33 passes
==PROF== Profiling "elementwise_kernel" - 60 (61/150): 0%....50%....100% - 33 passes
==PROF== Profiling "vectorized_elementwise_kernel" - 61 (62/150): 0%....50%....100% - 33 passes
==PROF== Profiling "vectorized_elementwise_kernel" - 62 (63/150): 0%....50%....100% - 33 passes
==PROF== Profiling "kernel" - 63 (64/150): 0%....50%....100% - 33 passes
==PROF== Profiling "vectorized_elementwise_kernel" - 64 (65/150): 0%....50%....100% - 33 passes
==PROF== Profiling "kernel" - 65 (66/150): 0%....50%....100% - 33 passes
==PROF== Profiling "vectorized_elementwise_kernel" - 66 (67/150): 0%....50%....100% - 33 passes
==PROF== Profiling "kernel" - 67 (68/150): 0%....50%....100% - 33 passes
==PROF== Profiling "vectorized_elementwise_kernel" - 68 (69/150): 0%....50%....100% - 33 passes
==PROF== Profiling "unrolled_elementwise_kernel" - 69 (70/150): 0%....50%....100% - 33 passes
==PROF== Profiling "vectorized_elementwise_kernel" - 70 (71/150): 0%....50%....100% - 33 passes
==PROF== Profiling "reduce_kernel" - 71 (72/150): 0%....50%....100% - 33 passes
==PROF== Profiling "vectorized_elementwise_kernel" - 72 (73/150): 0%....50%....100% - 33 passes
==PROF== Profiling "vectorized_elementwise_kernel" - 73 (74/150): 0%....50%....100% - 33 passes
==PROF== Profiling "elementwise_kernel" - 74 (75/150): 0%....50%....100% - 33 passes
==PROF== Profiling "vectorized_elementwise_kernel" - 75 (76/150): 0%....50%....100% - 33 passes
==PROF== Profiling "vectorized_elementwise_kernel" - 76 (77/150): 0%....50%....100% - 33 passes
==PROF== Profiling "kernel" - 77 (78/150): 0%....50%....100% - 33 passes
==PROF== Profiling "unrolled_elementwise_kernel" - 78 (79/150): 0%....50%....100% - 33 passes
==PROF== Profiling "vectorized_elementwise_kernel" - 79 (80/150): 0%....50%....100% - 33 passes
==PROF== Profiling "reduce_kernel" - 80 (81/150): 0%....50%....100% - 33 passes
==PROF== Profiling "vectorized_elementwise_kernel" - 81 (82/150): 0%....50%....100% - 33 passes
==PROF== Profiling "vectorized_elementwise_kernel" - 82 (83/150): 0%....50%....100% - 33 passes
==PROF== Profiling "elementwise_kernel" - 83 (84/150): 0%....50%....100% - 33 passes
==PROF== Profiling "vectorized_elementwise_kernel" - 84 (85/150): 0%....50%....100% - 33 passes
==PROF== Profiling "elementwise_kernel" - 85 (86/150): 0%....50%....100% - 33 passes
==PROF== Profiling "kernel" - 86 (87/150): 0%....50%....100% - 33 passes
==PROF== Profiling "unrolled_elementwise_kernel" - 87 (88/150): 0%....50%....100% - 33 passes
==PROF== Profiling "vectorized_elementwise_kernel" - 88 (89/150): 0%....50%....100% - 33 passes
==PROF== Profiling "reduce_kernel" - 89 (90/150): 0%....50%....100% - 33 passes
==PROF== Profiling "vectorized_elementwise_kernel" - 90 (91/150): 0%....50%....100% - 33 passes
==PROF== Profiling "vectorized_elementwise_kernel" - 91 (92/150): 0%....50%....100% - 33 passes
==PROF== Profiling "elementwise_kernel" - 92 (93/150): 0%....50%....100% - 33 passes
==PROF== Profiling "vectorized_elementwise_kernel" - 93 (94/150): 0%....50%....100% - 33 passes
==PROF== Profiling "elementwise_kernel" - 94 (95/150): 0%....50%....100% - 33 passes
==PROF== Profiling "kernel" - 95 (96/150): 0%....50%....100% - 32 passes
==PROF== Profiling "elementwise_kernel" - 96 (97/150): 0%....50%....100% - 33 passes
==PROF== Profiling "elementwise_kernel" - 97 (98/150): 0%....50%....100% - 33 passes
==PROF== Profiling "CatArrayBatchedCopy" - 98 (99/150): 0%....50%....100% - 32 passes
==PROF== Profiling "elementwise_kernel" - 99 (100/150): 0%....50%....100% - 33 passes
==PROF== Profiling "vectorized_elementwise_kernel" - 100 (101/150): 0%....50%....100% - 33 passes
==PROF== Profiling "elementwise_kernel" - 101 (102/150): 0%....50%....100% - 33 passes
==PROF== Profiling "elementwise_kernel" - 102 (103/150): 0%....50%....100% - 33 passes
==PROF== Profiling "CatArrayBatchedCopy" - 103 (104/150): 0%....50%....100% - 33 passes
==PROF== Profiling "elementwise_kernel" - 104 (105/150): 0%....50%....100% - 33 passes
==PROF== Profiling "vectorized_elementwise_kernel" - 105 (106/150): 0%....50%....100% - 33 passes
==PROF== Profiling "CatArrayBatchedCopy_vectorized" - 106 (107/150): 0%....50%....100% - 33 passes
==PROF== Profiling "CatArrayBatchedCopy_vectorized" - 107 (108/150): 0%....50%....100% - 33 passes
==PROF== Profiling "unrolled_elementwise_kernel" - 108 (109/150): 0%....50%....100% - 33 passes
==PROF== Profiling "unrolled_elementwise_kernel" - 109 (110/150): 0%....50%....100% - 33 passes
==PROF== Profiling "unrolled_elementwise_kernel" - 110 (111/150): 0%....50%....100% - 33 passes
==PROF== Profiling "vectorized_elementwise_kernel" - 111 (112/150): 0%....50%....100% - 33 passes
==PROF== Profiling "elementwise_kernel" - 112 (113/150): 0%....50%....100% - 33 passes
==PROF== Profiling "elementwise_kernel" - 113 (114/150): 0%....50%....100% - 33 passes
==PROF== Profiling "vectorized_elementwise_kernel" - 114 (115/150): 0%....50%....100% - 33 passes
==PROF== Profiling "gemv2T_kernel_val" - 115 (116/150): 0%....50%....100% - 33 passes
==PROF== Profiling "softmax_warp_forward" - 116 (117/150): 0%....50%....100% - 33 passes
==PROF== Profiling "vectorized_elementwise_kernel" - 117 (118/150): 0%....50%....100% - 33 passes
==PROF== Profiling "reduce_kernel" - 118 (119/150): 0%....50%....100% - 33 passes
==PROF== Profiling "vectorized_elementwise_kernel" - 119 (120/150): 0%....50%....100% - 33 passes
==PROF== Profiling "elementwise_kernel" - 120 (121/150): 0%....50%....100% - 33 passes
==PROF== Profiling "vectorized_elementwise_kernel" - 121 (122/150): 0%....50%....100% - 33 passes
==PROF== Profiling "kernel" - 122 (123/150): 0%....50%....100% - 33 passes
==PROF== Profiling "vectorized_elementwise_kernel" - 123 (124/150): 0%....50%....100% - 33 passes
==PROF== Profiling "kernel" - 124 (125/150): 0%....50%....100% - 33 passes
==PROF== Profiling "vectorized_elementwise_kernel" - 125 (126/150): 0%....50%....100% - 33 passes
==PROF== Profiling "unrolled_elementwise_kernel" - 126 (127/150): 0%....50%....100% - 33 passes
==PROF== Profiling "vectorized_elementwise_kernel" - 127 (128/150): 0%....50%....100% - 33 passes
==PROF== Profiling "reduce_kernel" - 128 (129/150): 0%....50%....100% - 33 passes
==PROF== Profiling "vectorized_elementwise_kernel" - 129 (130/150): 0%....50%....100% - 33 passes
==PROF== Profiling "vectorized_elementwise_kernel" - 130 (131/150): 0%....50%....100% - 33 passes
==PROF== Profiling "elementwise_kernel" - 131 (132/150): 0%....50%....100% - 33 passes
==PROF== Profiling "vectorized_elementwise_kernel" - 132 (133/150): 0%....50%....100% - 33 passes
==PROF== Profiling "vectorized_elementwise_kernel" - 133 (134/150): 0%....50%....100% - 33 passes
==PROF== Profiling "kernel" - 134 (135/150): 0%....50%....100% - 33 passes
==PROF== Profiling "vectorized_elementwise_kernel" - 135 (136/150): 0%....50%....100% - 33 passes
==PROF== Profiling "kernel" - 136 (137/150): 0%....50%....100% - 33 passes
==PROF== Profiling "vectorized_elementwise_kernel" - 137 (138/150): 0%....50%....100% - 33 passes
==PROF== Profiling "kernel" - 138 (139/150): 0%....50%....100% - 33 passes
==PROF== Profiling "vectorized_elementwise_kernel" - 139 (140/150): 0%....50%....100% - 33 passes
==PROF== Profiling "unrolled_elementwise_kernel" - 140 (141/150): 0%....50%....100% - 33 passes
==PROF== Profiling "vectorized_elementwise_kernel" - 141 (142/150): 0%....50%....100% - 33 passes
==PROF== Profiling "reduce_kernel" - 142 (143/150): 0%....50%....100% - 33 passes
==PROF== Profiling "vectorized_elementwise_kernel" - 143 (144/150): 0%....50%....100% - 33 passes
==PROF== Profiling "vectorized_elementwise_kernel" - 144 (145/150): 0%....50%....100% - 33 passes
==PROF== Profiling "elementwise_kernel" - 145 (146/150): 0%....50%....100% - 33 passes
==PROF== Profiling "vectorized_elementwise_kernel" - 146 (147/150): 0%....50%....100% - 33 passes
==PROF== Profiling "vectorized_elementwise_kernel" - 147 (148/150): 0%....50%....100% - 33 passes
==PROF== Profiling "kernel" - 148 (149/150): 0%....50%....100% - 33 passes
==PROF== Profiling "vectorized_elementwise_kernel" - 149 (150/150): 0%....50%....100% - 33 passes
[run_once] done
==PROF== Disconnected from process 81577
==PROF== Report: /content/PAA_Project/profiling/reports/20261007-162847_ncu_deep_decode_baseline/ncu_decode.ncu-rep
[ncu] -> profiling/reports/20261007-162847_ncu_deep_decode_baseline
total 211992
drwxr-xr-x  2 root root      4096 Oct  7 16:45 .
drwxr-xr-x 11 root root      4096 Oct  7 16:28 ..
-rw-r--r--  1 root root     70133 Oct  7 16:45 ncu_decode_metrics.csv
-rw-r--r--  1 root root 216992826 Oct  7 16:45 ncu_decode.ncu-rep
[suite 16:45:17] END   ncu_deep rc=0 (990 s)
[suite 16:45:17] summaries written
[suite 16:45:17] suite 20261007-152958_baseline done; log: results/raw/suite_20261007-152958_baseline.log
